gen55 state,gen55 power,gen55 upperbound,gen55 lowerbound,gen58 state,gen58 power,gen58 upperbound,gen58 lowerbound,gen52 state,gen52 power,gen52 upperbound,gen52 lowerbound,gen26 state,gen26 power,gen26 upperbound,gen26 lowerbound,gen45 state,gen45 power,gen45 upperbound,gen45 lowerbound,gen30 state,gen30 power,gen30 upperbound,gen30 lowerbound,gen54 state,gen54 power,gen54 upperbound,gen54 lowerbound,gen60 state,gen60 power,gen60 upperbound,gen60 lowerbound,gen34 state,gen34 power,gen34 upperbound,gen34 lowerbound,gen27 state,gen27 power,gen27 upperbound,gen27 lowerbound,gen41 state,gen41 power,gen41 upperbound,gen41 lowerbound,hydro4power,hydro4 upperbound,hydro4 lowerbound,hydro2power,hydro2 upperbound,hydro2 lowerbound,hydro3power,hydro3 upperbound,hydro3 lowerbound,hydro5power,hydro5 upperbound,hydro5 lowerbound,hydro6power,hydro6 upperbound,hydro6 lowerbound,hydro1power,hydro1 upperbound,hydro1 lowerbound
1.0,0.23572753935680746,0.3264550796823787,0.145,1.0,0.9126683611866482,1.3253367267796556,0.5,1.0,1.0732506059113107,1.546501216875861,0.6000000000000001,1.0,0.5174722127288446,0.7349444277797977,0.30000000000000004,1.0,0.6634308948091227,0.7598617906479077,0.5670000000000001,1.0,3.1525112684767014,4.232022548480129,2.073,1.0,3.4463842797142297,4.493763570612087,2.3990050000000003,1.0,2.4366527334744417,3.4813054781033985,1.3920000000000001,1.0,0.7287088498416422,0.9074177015914883,0.55,1.0,1.5568955325793195,1.8137910679016989,1.3,1.0,1.125924791482478,1.6018495880467503,0.65,3.9983416666666667,4.546223357528589,3.450459981654874,3.9983416666666667,4.546223357528589,3.450459981654874,3.9983416666666667,4.546223357528589,3.450459981654874,3.9983416666666667,4.546223357528589,3.450459981654874,3.9983416666666667,4.546223357528589,3.450459981654874,3.9983416666666667,4.546223357528589,3.450459981654874
1.0,0.26554022717529235,0.3055922448429982,0.2254882104763501,1.0,1.1841658768781216,1.366339896038388,1.0019918621242145,1.0,1.3277011334202151,1.53661941516341,1.11878285673026,1.0,0.6028480829551713,0.6988520192263385,0.5068441490061123,1.0,0.6095697846163303,0.6521395702623229,0.5670000000000001,1.0,3.4089623690810984,3.8855167284744265,2.9324080212144934,1.0,3.588381444726379,4.050751015347339,3.126011885289046,1.0,2.870705155781103,3.3318710821839788,2.40953924053274,1.0,0.7176762889452758,0.7965679910896896,0.6387845887090656,1.0,1.4353525778905523,1.548760088802503,1.321945069721661,1.0,1.79419072236319,2.0042895335079582,1.5840919163002152,0.2418646904069348,0.4837291461545159,2.4050948307929865e-7,0.24186469040752456,0.4837291461556925,2.405094859658785e-7,-3.75647721676863,-3.5146127610204623,-3.9983416666666685,-3.0909512639573817,-2.849086808209214,-3.33281571385542,0.2418646904069348,0.4837291461545159,2.4050948307929865e-7,0.24186469040752456,0.4837291461556925,2.405094859658785e-7
1.0,0.26554022717529235,0.28625129326383264,0.24482916118362846,1.0,1.1841658768781216,1.2783688251976388,1.0899629289992407,1.0,1.3277011334202151,1.4357336519361656,1.2196686154095897,1.0,0.6028480829551713,0.6524921205007598,0.5532040456417942,1.0,0.6028480829551713,0.6248610974106215,0.5808350686026877,1.0,3.4089623690810984,3.6553906243081857,3.162534115006685,1.0,3.588381444726379,3.827474686268166,3.3492882043029564,1.0,2.870705155781103,3.1091759878564145,2.6322343248212445,1.0,0.7176762889452758,0.7584715185515944,0.6768810595297777,1.0,1.4353525778905523,1.4939960767754563,1.3767090792799543,1.0,1.79419072236319,1.902833697577185,1.685547747657375,1.6696232387275307,1.7946923618121373,1.544554116227938,0.09867999644583562,0.2237491195304423,-0.026389126053757248,0.09867999644583562,0.2237491195304423,-0.026389126053757248,0.09867999644583562,0.2237491195304423,-0.026389126053757248,0.09867999644583562,0.2237491195304423,-0.026389126053757248,0.09867999644583562,0.2237491195304423,-0.026389126053757248
1.0,0.26554022717529235,0.27774712638980104,0.25333332805765996,1.0,1.1841658768781216,1.2396881706572036,1.1286435835396755,1.0,1.3277011334202151,1.3913744402300188,1.2640278271157352,1.0,0.6028480829551713,0.6321077917663751,0.5735883743761785,1.0,0.6028480829551713,0.6158223377673795,0.5898738282459296,1.0,3.4089623690810984,3.5542047656967273,3.2637199736181413,1.0,3.588381444726379,3.7293006562191024,3.447462234352019,1.0,2.870705155781103,3.0112575252389964,2.730152787438661,1.0,0.7176762889452758,0.7417205971478659,0.693631980933506,1.0,1.4353525778905523,1.4699164809467196,1.4007886751086909,1.0,1.7941907223631905,1.8582238263633466,1.7301576188712144,0.10000048157819208,0.17371499602250257,0.026285967718894507,0.10000048157818497,0.17371499602249546,0.0262859677188874,-1.523656803605118,-1.4499422891608074,-1.5973713174644155,3.269357369657606,3.3430718841019167,3.1956428557983085,-2.740861180686278,-2.6671466662419676,-2.8145756945455758,-3.924627152807375,-3.8509126383630643,-3.9983416666666725
1.0,0.26554022717529235,0.30677292100810216,0.22430753334248243,1.0,1.1841658768781216,1.371710125426286,0.9966216283299572,1.0,1.3277011334202151,1.542778027140343,1.1126242397000867,1.0,0.6028480829551713,0.7016820778828574,0.5040140880274853,1.0,0.6108246820080889,0.6546493640161777,0.5670000000000001,1.0,3.4089623690810984,3.899564869024555,2.918359869137642,1.0,3.588381444726379,4.064381008623351,3.1123818808294064,1.0,2.870705155781103,3.345465593750897,2.3959447178113096,1.0,0.7176762889452758,0.7988936055723154,0.6364589723182362,1.0,1.4353525778905523,1.5521031799343508,1.3186019758467533,1.0,1.7941907223631905,2.0104829458022744,1.5778984989241063,0.24899474319719417,0.4979890169849156,4.6940947276419287e-7,0.24899474319719417,0.4979890169849156,4.6940947276419287e-7,0.24899474319718706,0.4979890169849085,4.694094656587655e-7,0.24899474319719417,0.4979890169849156,4.6940947276419287e-7,-1.4122935603566238,-1.1632992865689025,-1.661287834144345,0.24899474319718706,0.4979890169849085,4.694094656587655e-7
1.0,0.26554022717529235,0.34802687542520894,0.18305357892537563,1.0,1.1841658768781216,1.5593510763708989,0.8089806773853442,1.0,1.3277011334202151,1.757965819761421,0.8974364470790087,1.0,0.6028480829551713,0.8005670340329434,0.40512913187739924,1.0,0.6546719610929026,0.7423439221858051,0.5670000000000001,1.0,3.4089623690810984,4.390420335602901,2.427504402559296,1.0,3.588381444726379,4.540626009524623,2.6361368799281344,1.0,2.870705155781103,3.8204708298013883,1.9209394817608172,1.0,0.7176762889452758,0.8801527998320295,0.5551997780585218,1.0,1.5335614035503475,1.7671228071006948,1.3,1.0,1.7941907223631905,2.2268866947960033,1.3614947499303782,0.07903732891645632,0.5771542640226479,-0.4190796061897353,-3.500224731560472,-3.0021077964542804,-3.9983416666666636,0.07903732891645347,0.577154264022645,-0.4190796061897381,-2.4184062672748556,-1.920289332168664,-2.9165232023810472,-3.002107796454279,-2.5039908613480875,-3.5002247315604706,-3.500224731560472,-3.0021077964542804,-3.9983416666666636
1.0,0.26554022717529235,0.3377707211609944,0.1933097332864665,1.0,1.1841658768781216,1.5127016201826735,0.8556301340142054,1.0,1.3277011334202151,1.7044679374836822,0.9509343298620714,1.0,0.6028480829551713,0.7759832243348159,0.4297129418077372,1.0,0.6437710797359095,0.7205421595747851,0.5670000000000001,1.0,3.4089623690810984,4.2683886550575565,2.549536084257311,1.0,3.588381444726379,4.422226639917063,2.7545362506540565,1.0,2.870705155781103,3.7023796783935286,2.0390306342841273,1.0,0.7176762889452758,0.8599509344959924,0.5754016435853793,1.0,1.5045210454023508,1.7090420910790072,1.3,1.0,1.7941907223631905,2.1730865133493076,1.4152949318852523,-2.1723457037272036,-1.7990164271975668,-2.5456749797561278,-3.6250123906377425,-3.2516831141081055,-3.9983416666666667,-2.4747789089356553,-2.1014496324060183,-2.8481081849645795,-3.6250123906377425,-3.2516831141081055,-3.9983416666666667,0.3733297458753384,0.7466590224049752,4.698464143304548e-7,-3.2516831146088174,-2.8783538380791804,-3.6250123906377416
1.0,0.3219579369164504,0.498915873929777,0.145,1.0,1.304881762957265,2.1097635263551657,0.5,1.0,1.5230433389929914,2.446086678491306,0.6000000000000001,1.0,0.7241648607905763,1.148329721813363,0.30000000000000004,1.0,0.7550819464674393,0.9431638930378449,0.5670000000000001,1.0,4.1785138087282885,6.284027618609249,2.073,1.0,4.441847535146537,6.484690071411436,2.3990050000000003,1.0,3.4295245908826386,5.467049182880729,1.3920000000000001,1.0,0.8985595399244772,1.2471190800397745,0.55,1.0,1.8010573831337815,2.3021147665418686,1.3,1.0,1.794190722363189,2.7224498801810495,0.8659315650535069,-3.4304675564129425,-2.8625934458483275,-3.998341666666673,-0.5736589814456918,-0.005784870881076598,-1.1415330916994222,0.5678745817693951,1.1357486923340103,4.715156647350227e-7,0.5678745817694022,1.1357486923340174,4.7151567184045007e-7,0.5678745817693951,1.1357486923340103,4.715156647350227e-7,-0.3652871880696589,0.20258692249495636,-0.9331612983233892
1.0,0.25710008415491403,0.3692001683098278,0.145,1.0,1.125675538960671,1.6355555417144618,0.6157955362068791,1.0,1.2621210576356776,1.8468545699200194,0.677387545351335,1.0,0.5730711836428087,0.8417729859961605,0.30436938128945684,1.0,0.6861469701467794,0.8052939402935587,0.5670000000000001,1.0,3.406810052607101,4.740620105214201,2.073,1.0,3.693113781417853,4.987222562835703,2.3990050000000003,1.0,2.7289103972075237,4.019650344144694,1.4381704502703514,1.0,0.7708070145900285,0.9916140291800568,0.55,1.0,1.6174120121114293,1.9348240242228585,1.3,1.0,1.705568998254703,2.2936066498301457,1.11753134667926,-3.688220926545391,-3.3781001864241142,-3.9983416666666676,-3.688220926545384,-3.378100186424107,-3.9983416666666605,-3.688220926545384,-3.378100186424107,-3.9983416666666605,-3.688220926545398,-3.3781001864241214,-3.9983416666666747,-3.688220926545384,-3.378100186424107,-3.9983416666666605,-3.688220926545384,-3.378100186424107,-3.9983416666666605
1.0,0.30115083825443417,0.45730167660574467,0.145,1.0,1.210242016671025,1.920484033782686,0.5,1.0,1.414509897891607,2.229019796288538,0.6000000000000001,1.0,0.6742906349648262,1.0485812701618633,0.30000000000000004,1.0,0.7329668625956164,0.8989337252941991,0.5670000000000001,1.0,3.9309429208899473,5.788885842932567,2.073,1.0,4.201645671808663,6.004286344735689,2.3990050000000003,1.0,3.189948022984497,4.987896047084445,1.3920000000000001,1.0,0.8575751519779801,1.1651503041467806,0.55,1.0,1.7421419674826675,2.184283935239641,1.3,1.0,1.7941907223631897,2.613303151830676,0.9750782934038821,0.16376248731070236,0.6292553159334748,-0.3017303410232771,-3.0673560099987096,-2.601863181375937,-3.532848838332689,-3.0673560099987096,-2.601863181375937,-3.532848838332689,0.46549331436662555,0.9309861429893981,4.860326460742748e-7,0.46549331436662555,0.9309861429893981,4.860326460742748e-7,0.46549331436662555,0.9309861429893981,4.860326460742748e-7
1.0,0.26554022717529224,0.3442082242150961,0.18687223023236477,1.0,1.1841658768781211,1.5419821876300357,0.8263495665668426,1.0,1.3277011334202147,1.7380470716970355,0.9173551956487176,1.0,0.602848082955171,0.7914137985964901,0.4142823675460626,1.0,0.6506132600071296,0.7342265201172253,0.5670000000000001,1.0,3.4089623690810966,4.344984550163076,2.4729401891517897,1.0,3.5883814447263775,4.496542634374343,2.6802202561967743,1.0,2.870705155781102,3.776502212851009,1.964908099826646,1.0,0.7176762889452755,0.872631084038307,0.5627214940430643,1.0,1.52274887112416,1.7454977425226255,1.3,1.0,1.7941907223631897,2.2068553923513283,1.3815260528832298,0.2679019178590494,0.5358033662273829,4.6982062523737156e-7,0.2679019178590494,0.5358033662273829,4.6982062523737156e-7,-2.0755038058564312,-1.8076023574880977,-2.3434052538948555,0.2679019178590494,0.5358033662273829,4.6982062523737156e-7,-3.462538770589817,-3.1946373222214834,-3.7304402186282415,3.998342606307908,4.266244054676242,3.7304411582694836
1.0,0.26554022717529224,0.31929487214515484,0.21178558230230607,1.0,1.1841658768781211,1.4286654125554203,0.9396663416414583,1.0,1.3277011334202147,1.608094699507005,1.0473075678387485,1.0,0.602848082955171,0.7316969602522312,0.47399920589032185,1.0,0.6241337935757622,0.6812675872544905,0.5670000000000001,1.0,3.4089623690810966,4.04855587497041,2.769368864344457,1.0,3.5883814447263775,4.208937250923324,2.9678256396477956,1.0,2.870705155781102,3.4896455260679295,2.2517647866097263,1.0,0.7176762889452755,0.8235584813238256,0.6117940967575458,1.0,1.4522065760975786,1.6044131524694634,1.3,1.0,1.7941907223631897,2.0761687014846624,1.5122127437498962,-1.2051565676473182,-0.880545256990305,-1.529767877719318,-3.6737303565946746,-3.3491190459376616,-3.9983416666666742,-3.6737303565946604,-3.3491190459376474,-3.99834166666666,-3.3491190465226657,-3.0245077358656527,-3.6737303565946653,-3.6737303565946746,-3.3491190459376616,-3.9983416666666742,-3.3491190465226692,-3.0245077358656562,-3.673730356594669
1.0,0.26554022717529224,0.33699184360153966,0.19408861074904502,1.0,1.1841658768781211,1.5091589458381045,0.8591728079181389,1.0,1.3277011334202147,1.7004051768317807,0.9549970900086496,1.0,0.602848082955171,0.7741162694113133,0.43157989649902906,1.0,0.6429432401273897,0.7188864802547795,0.5670000000000001,1.0,3.4089623690810966,4.259121269342527,2.5588034688196686,1.0,3.5883814447263775,4.413235100821099,2.7635277886316576,1.0,2.870705155781102,3.6934115461451005,2.0479987654171055,1.0,0.7176762889452755,0.8584167551960311,0.5769358226945202,1.0,1.5023156495326768,1.7046312990653547,1.3,1.0,1.7941907223631897,2.1690007953556107,1.4193806493707688,-1.4450810118835236,-1.013601967241153,-1.8765600565258933,-3.5668626220242885,-3.135383577381918,-3.9983416666666582,-3.5668626220242956,-3.1353835773819223,-3.998341666666668,-3.5668626220242956,-3.135383577381925,-3.9983416666666654,-3.5668626220242885,-3.135383577381918,-3.9983416666666582,-3.135383577381924,-2.7039045327395534,-3.566862622024294
1.0,0.26554022717529224,0.356981655549765,0.1740987988008194,1.0,1.1841658768781211,1.6000813162185208,0.7682504375377214,1.0,1.3277011334202147,1.8046755084600459,0.8507267583803833,1.0,0.602848082955171,0.8220314742899286,0.3836646916204132,1.0,0.6641896606398274,0.7613793212796547,0.5670000000000001,1.0,3.4089623690810966,4.496967764528229,2.3209569736339635,1.0,3.5883814447263775,4.64400202107908,2.532760868373675,1.0,2.870705155781102,3.923577732083735,1.8178325794784684,1.0,0.730115019194035,0.91023003838807,0.55,1.0,1.5589169133055667,1.8178338266111331,1.3,1.0,1.79419072236319,2.273860324784911,1.3145211199414686,-3.1005401096352925,-2.6516393311196054,-3.54944088815098,0.4489012726054966,0.8978020511211839,4.940898090111112e-7,2.5566652439982613,3.0055660225139484,2.107764465482574,-3.1005401096352925,-2.6516393311196054,-3.54944088815098,0.4489012726054966,0.8978020511211839,4.940898090111112e-7,0.4489012726054966,0.8978020511211839,4.940898090111112e-7
1.0,0.26554022717529224,0.3115096439693992,0.21957081047806165,1.0,1.1841658768781211,1.393254804315309,0.9750769498815696,1.0,1.3277011334202147,1.5674855969406436,1.0879166704051098,1.0,0.602848082955171,0.7130359141136147,0.4926602520289382,1.0,0.615859166879133,0.6647183338612322,0.5670000000000001,1.0,3.4089623690810966,3.9559242263775958,2.86200051293727,1.0,3.5883814447263775,4.119062812170323,3.0577000784007957,1.0,2.870705155781102,3.4000050491831653,2.3414052634944897,1.0,0.7176762889452755,0.8082236757850964,0.627128902296275,1.0,1.4353525778905514,1.565515237358696,1.3051899186967129,1.0,1.7941907223631897,2.0353301300601854,1.5530513151743728,-0.5877031966527222,-0.32018219499621753,-0.8552241977454507,0.26752147091325185,0.5350424725697565,4.6982052337440905e-7,0.26752147091325895,0.5350424725697636,4.698205304798364e-7,-3.4632996644812106,-3.195778662824706,-3.730820665573939,0.26752147091325185,0.5350424725697565,4.6982052337440905e-7,0.26752147091325895,0.5350424725697636,4.698205304798364e-7
1.0,0.26554022717529224,0.36105690997351436,0.17002354447394655,1.0,1.1841658768781211,1.6186173481266881,0.7497144060701908,1.0,1.3277011334202147,1.8259327434622805,0.8294695238834733,1.0,0.602848082955171,0.8317997828239052,0.37389638331864794,1.0,0.6685210954401212,0.7700421909832088,0.5670000000000001,1.0,3.4089623690810966,4.5454567140085596,2.272468025306307,1.0,3.5883814447263775,4.691047681892305,2.4857152086788146,1.0,2.870705155781102,3.9705009232509836,1.7709093894266719,1.0,0.7381421741100688,0.9262843484109577,0.55,1.0,1.5704560186105272,1.8409120374953607,1.3,1.0,1.7941907223631897,2.295237677522687,1.293143767711872,-3.4584888702881145,-2.918636073362026,-3.998341666666665,-0.4488632417932985,0.09098955513279017,-0.9887160381718492,0.07683974560588745,0.6166925425319761,-0.4630130507726632,0.5398532697573728,1.0797060666834615,4.7337882214115723e-7,0.5398532697573728,1.0797060666834615,4.7337882214115723e-7,-2.9186360739095685,-2.37878327698348,-3.458488870288119
1.0,0.26554022717529224,0.35276006801795323,0.1783203863326313,1.0,1.1841658768781211,1.5808796976062551,0.787452056149988,1.0,1.3277011334202147,1.7826549745460767,0.8727472922943529,1.0,0.602848082955171,0.8119124080363951,0.3937837578739472,1.0,0.6597026937707418,0.7524053875414836,0.5670000000000001,1.0,3.4089623690810966,4.4467376872687865,2.371187050893408,1.0,3.5883814447263775,4.595267057696787,2.5814958317559693,1.0,2.870705155781102,3.874969635953572,1.8664406756086322,1.0,0.7217996272230379,0.893599254446076,0.55,1.0,1.5469634647164898,1.7939269294329796,1.3,1.0,1.7941907223631897,2.2517153599809934,1.3366660847453864,-3.2349809178618223,-2.8533005434594,-3.616661292264244,1.749054908125001,2.1307352825274233,1.367374533722579,0.3816808442508872,0.7633612186533094,4.6984846530095936e-7,0.3816808442508872,0.7633612186533094,4.6984846530095936e-7,-3.2349809178618116,-2.8533005434593894,-3.6166612922642334,0.381680844250873,0.7633612186532952,4.6984845109010465e-7
1.0,0.26554022717529224,0.31830036096876924,0.21278009338181528,1.0,1.1841658768781211,1.424141942611781,0.9441898111444613,1.0,1.3277011334202147,1.6029071564506556,1.0524951103897737,1.0,0.602848082955171,0.7293131355872462,0.4763830303230958,1.0,0.62307676509274,0.67915353018548,0.5670000000000001,1.0,3.4089623690810966,4.036722797283687,2.781201940878507,1.0,3.5883814447263775,4.197456388475439,2.979306500977316,1.0,2.870705155781102,3.4781945506943295,2.263215760867875,1.0,0.7176762889452755,0.8215995617967835,0.6137530160937676,1.0,1.4493906124415843,1.5987812248831688,1.3,1.0,1.7941907223631897,2.070951845306221,1.5174295994201572,0.30140506978492,0.602809669741043,4.698287970339443e-7,-1.3670411307783517,-1.0656365308222286,-1.6684457307344747,-3.2827073047682918,-2.981302704812169,-3.5841119047244145,0.3014050697849342,0.6028096697410572,4.6982881124479903e-7,0.3014050697849271,0.6028096697410501,4.6982880413937167e-7,3.9983426063243073,4.29974720628043,3.6969380063681845
1.0,0.26554022717529235,0.2936026678973669,0.2374777865500942,1.0,1.1841658768781216,1.3118060785828434,1.0565256756140362,1.0,1.3277011334202151,1.4740796990599492,1.181322568285805,1.0,0.6028480829551713,0.6701132278237087,0.5355829383188448,1.0,0.6028480829551713,0.6326745974682045,0.5730215685451043,1.0,3.4089623690810984,3.74286011606288,3.07506462325199,1.0,3.588381444726379,3.912340621387378,3.2644222691837443,1.0,2.870705155781103,3.1938209992846893,2.547589313392969,1.0,0.7176762889452758,0.7729517493043241,0.662400828777048,1.0,1.4353525778905523,1.514811534960041,1.3558936210953696,1.0,1.79419072236319,1.941396425767298,1.6469850194672617,3.998342606312683,4.1678049042803025,3.8288803089300765,0.0963424934627625,0.26580479143021496,-0.07311980391967662,2.8402915832157034,3.009753881183323,2.670829285833097,0.1694627672056228,0.3389250651732425,4.698230165189887e-7,1.894852615379469,2.0643149133470886,1.7253903179968626,0.1694627672056228,0.3389250651732425,4.698230165189887e-7
1.0,0.26554022717529235,0.3130011661695901,0.21807928818099448,1.0,1.1841658768781216,1.4000388968454247,0.9682928569108185,1.0,1.3277011334202151,1.5752656358348387,1.080136631005592,1.0,0.6028480829551713,0.7166110648948355,0.4890851010155072,1.0,0.6174444499227777,0.6678888998455553,0.5670000000000001,1.0,3.4089623690810984,3.9736709329862383,2.8442538051759585,1.0,3.588381444726379,4.136281282535425,3.040481606917333,1.0,2.870705155781103,3.417178696286496,2.3242316152757097,1.0,0.7176762889452758,0.811161573349596,0.6241910045409553,1.0,1.4353525778905523,1.5697384907687228,1.3009666650123817,1.0,1.7941907223631905,2.043154131429007,1.5452273132973746,-0.7413144309768023,-0.45470928977292935,-1.027919572180675,3.9983416892468497,4.284946830450723,3.711736548042977,3.9983416892468497,4.284946830450723,3.711736548042977,3.9983416892468497,4.284946830450723,3.711736548042977,3.9983426215446514,4.284947762748525,3.7117374803407785,-2.1794692281562376,-1.8928640869523647,-2.4660743693601104
1.0,0.26554022717529235,0.33803009968878217,0.19305035466180256,1.0,1.1841658768781216,1.5138813866873972,0.8544503670688459,1.0,1.3277011334202151,1.7058209009422545,0.9495813658981762,1.0,0.6028480829551713,0.7766049498083848,0.4290912161019579,1.0,0.6440467635365286,0.7210935270730572,0.5670000000000001,1.0,3.4089623690810984,4.271474840856629,2.5464498973055676,1.0,3.588381444726379,4.425220964435655,2.7515419250171025,1.0,2.870705155781103,3.7053662080622374,2.036044103499969,1.0,0.7176762889452758,0.860461840431535,0.5748907374590166,1.0,1.5052554774215052,1.7105109548430106,1.3,1.0,1.7941907223631905,2.1744471219652532,1.4139343227611283,3.998341689233392,4.4360905114822655,3.5605928669845186,3.998341689233392,4.4360905114822655,3.5605928669845186,3.998341689233392,4.4360905114822655,3.5605928669845186,3.998341689233392,4.4360905114822655,3.5605928669845186,3.588452443959797,4.026201266208671,3.1507036217109237,3.998341689233392,4.4360905114822655,3.5605928669845186
1.0,0.2926374491547405,0.34549669352605206,0.23977820483186713,1.0,1.305004839650689,1.545431703455378,1.064577976066318,1.0,1.4631872430668063,1.738910244088108,1.1874642422981667,1.0,0.6643661003851157,0.7910687192161567,0.5376634816701801,1.0,0.6643661003851157,0.7205482063894839,0.6081839944322306,1.0,3.7568321100134083,4.385771794110694,3.12789242649246,1.0,3.954560119758148,4.56477921848331,3.344341021592167,1.0,3.1636480958065185,3.772278667222328,2.5550175249484335,1.0,0.7909120239516296,0.8950305179840217,0.6867935300146474,1.0,1.5818240479032595,1.7314952924975238,1.4321528034461481,1.0,1.9772800598790745,2.2545610820877986,1.6999990379244407,3.9983421482550603,4.3175463510794065,3.6791379457232205,3.9983421482550603,4.3175463510794065,3.6791379457232205,3.9983421482550603,4.3175463510794065,3.6791379457232205,3.9983421482550603,4.3175463510794065,3.6791379457232205,3.9983421482550603,4.3175463510794065,3.6791379457232205,3.9983421482550603,4.3175463510794065,3.6791379457232205
1.0,0.28727219191710335,0.3248029255140782,0.24974145841700487,1.0,1.2810786925314088,1.451784813709093,1.110372571794361,1.0,1.4363609569282494,1.6321277829766585,1.2405941313851645,1.0,0.6521855163934639,0.7421459819646985,0.5622250510544403,1.0,0.6521855163934639,0.6920755238736187,0.6122955090162755,1.0,3.6879538077760947,4.134508956514311,3.2413986601905522,1.0,3.882056643646366,4.315319939450681,3.4487933489604137,1.0,3.1056453149170924,3.5377807361941063,2.673509894755531,1.0,0.7764113287292731,0.8503367793959258,0.7024858782534411,1.0,1.5528226574585469,1.6590911384935063,1.4465541766978938,1.0,1.9410283218231843,2.1379013626656005,1.744155281488948,3.9983416666666685,4.224980697203722,3.771702636714628,3.9983421482537707,4.2249811787908245,3.77170311830173,3.9983421482537707,4.2249811787908245,3.77170311830173,3.9983421482537707,4.2249811787908245,3.77170311830173,3.9983421482537707,4.2249811787908245,3.77170311830173,3.9983421482537707,4.2249811787908245,3.77170311830173
1.0,0.28080066582127544,0.30127597426212144,0.2603253573804294,1.0,1.2522191842922035,1.3453498041566456,1.159088564427761,1.0,1.4040033265089713,1.5108060921801896,1.297200560837753,1.0,0.6374934031036429,0.6865723339828839,0.5884144722244019,1.0,0.6374934031036429,0.6592558396079391,0.6157309665993467,1.0,3.60487340536068,3.848496525133639,3.3612502855877207,1.0,3.794603588384792,4.030975190201973,3.5582319865676104,1.0,3.035682870707834,3.2714391480531555,2.7999265933625117,1.0,0.7589207176769585,0.7992515681282873,0.7185898672256295,1.0,1.5178414353539174,1.575817385147405,1.4598654855604292,1.0,1.8973017941923973,2.004708067627475,1.7898955207573195,3.998341223382332,4.1219866630055675,3.8746957837590963,3.99834074179523,4.121986181418466,3.874695302171994,3.99834074179523,4.121986181418466,3.874695302171994,3.99834074179523,4.121986181418466,3.874695302171994,3.99834074179523,4.121986181418466,3.874695302171994,3.99834074179523,4.121986181418466,3.874695302171994
1.0,0.41707535293665177,0.4316068478440951,0.40254385802920845,1.0,1.8599306262868063,1.926026193647708,1.793835058925904,1.0,2.085376760825312,2.161175562583829,2.0095779590667955,1.0,0.9468737736664365,0.9817054948194971,0.912042052513376,1.0,0.9468737736664365,0.9623187539532718,0.9314287933796013,1.0,5.354345736451026,5.527247069514898,5.181444403387154,1.0,5.636153412426708,5.803908283519076,5.468398541334339,1.0,4.508922729941365,4.676240900192079,4.341604559690651,1.0,1.1272306824853413,1.1558538189640672,1.0986075460066154,1.0,2.2544613649706826,2.295607373667558,2.213315356273807,1.0,2.8180767062133545,2.8943038223986095,2.7418495900280995,-3.9105894805917245,-3.822837294516776,-3.998341666666673,-3.9105894805917316,-3.8228372945167988,-3.9983416666666645,-3.9105894805917245,-3.822837294516776,-3.998341666666673,-3.9105894805917245,-3.822837294516776,-3.998341666666673,-3.9105894805917245,-3.822837294516776,-3.998341666666673,-3.9105894806003363,-3.822837294534011,-3.9983416666666614
1.0,0.4056118883211464,0.4225717129723945,0.38865206376677464,1.0,1.8088097706150208,1.885950439197678,1.7316691024729995,1.0,2.0280594378538224,2.116524829390428,1.939594046822541,1.0,0.9208486107711745,0.9615009928433375,0.8801962289312225,1.0,0.9208486107711745,0.938874571560146,0.9028226500851694,1.0,5.207179636951707,5.408974174224557,5.005385100831529,1.0,5.481241728588303,5.67702978867715,5.285453669617819,1.0,4.3849933828706416,4.580271765892766,4.189715000963968,1.0,1.0962483457176604,1.1296546386517259,1.0628420529744151,1.0,2.1924966914353217,2.240518529315215,2.1444748538297342,1.0,2.7406208642941516,2.8295861450451394,2.651655584051344,-3.9983416666666596,-3.9983416666666596,-3.9983416666666596,-3.9983416666666667,-3.9983416666666667,-3.9983416666666667,-3.9983416666666596,-3.9983416666666596,-3.9983416666666596,-3.9983416666666596,-3.9983416666666596,-3.9983416666666596,-3.9983416666666596,-3.9983416666666596,-3.9983416666666596,-3.9983416666666667,-3.9983416666666667,-3.9983416666666667
1.0,0.40515060652162477,0.41960010091291666,0.3907011122272093,1.0,1.8067527031325192,1.8724752964344247,1.7410301102712495,1.0,2.025753028860481,2.1011241016821303,1.950381956544156,1.0,0.9198013764161322,0.9544365438676509,0.8851662091968244,1.0,0.9198013764161322,0.9351592014334281,0.9044435515018027,1.0,5.201257776023747,5.373183435308368,5.0293321178918,1.0,5.475008190763164,5.641816429309872,5.30819995333482,1.0,4.3800065526105305,4.546380554597107,4.213632551739406,1.0,1.0950016381526326,1.1234632556699524,1.0665400208261333,1.0,2.1900032763052653,2.2309171000843326,2.1490894528005042,1.0,2.737504095381582,2.813301065672575,2.661707125598768,-3.9983416666666596,-3.9983416666666596,-3.9983416666666596,-3.9983416666666596,-3.9983416666666596,-3.9983416666666596,-3.9983416666666596,-3.9983416666666596,-3.9983416666666596,-3.9983416666666596,-3.9983416666666596,-3.9983416666666596,-3.9983416666666596,-3.9983416666666596,-3.9983416666666596,-3.9983416666666596,-3.9983416666666596,-3.9983416666666596
1.0,0.4881298100841179,0.5081977803058552,0.4680618398333178,1.0,2.1767950970646535,2.2680729653112306,2.085517228685886,1.0,2.4406490459053893,2.545327064665464,2.3359710269937177,1.0,1.1081865952017345,1.1562891439982406,1.0600840463355652,1.0,1.1081865952017345,1.1295160872082841,1.0868571031642948,1.0,6.2665313331414225,6.505307785621005,6.027754880316039,1.0,6.596348778324162,6.828017975407845,6.364679580904973,1.0,5.27707902265933,5.508145136609311,5.0460129083747125,1.0,1.3192697556648325,1.3587982593849535,1.2797412518874653,1.0,2.638539511329666,2.6953620806889473,2.581716941888093,1.0,3.298174389162083,3.403443909430851,3.1929048687408614,-2.63163312014265,-2.510447497587497,-2.7528187428733064,-3.55123560322376,-3.430049980668607,-3.6724212259544164,-3.5416502625607995,-3.4204646400056467,-3.662835885291456,-3.755970421205353,-3.6347847986502,-3.8771560439360093,-3.551235603223774,-3.4300499806686213,-3.6724212259544307,-3.755970421205353,-3.6347847986502,-3.8771560439360093
1.0,0.4881298100841179,0.5086082969126138,0.4676513232653097,1.0,2.1767950970646535,2.269940173620327,2.083650020553043,1.0,2.4406490459053893,2.547468390598719,2.333829701262592,1.0,1.1081865952017345,1.1572731446166484,1.0591000458100415,1.0,1.1081865952017345,1.1299524098949167,1.0864207805188488,1.0,6.2665313331414225,6.510192270596949,6.022870395801163,1.0,6.596348778324162,6.832757072168825,6.359940484591337,1.0,5.27707902265933,5.512871896515148,5.041286148915057,1.0,1.3192697556648325,1.3596068666849508,1.278932644663796,1.0,2.638539511329666,2.6965244607454717,2.5805545619412906,1.0,3.298174389162082,3.4055973353019446,3.1907514430730384,-1.9813404609286591,-1.8576758277904935,-2.105005094008323,-3.7510124005073386,-3.627347767369173,-3.8746770335870027,0.09875394921487397,0.22241858235303952,-0.02491068386479027,-3.4483961092827613,-3.3247314761445956,-3.5720607423624253,-3.7510124005073386,-3.627347767369173,-3.8746770335870027,-3.7510124005073386,-3.627347767369173,-3.8746770335870027
1.0,0.4881298100841179,0.5111462147329962,0.4651134054352398,1.0,2.1767950970646535,2.281483729140385,2.072106464988922,1.0,2.4406490459053893,2.5607066108211973,2.320591480989581,1.0,1.1081865952017345,1.1633564861029848,1.053016704300484,1.0,1.1081865952017345,1.13264986744867,1.083723322954799,1.0,6.2665313331414225,6.540389396023178,5.992673270259668,1.0,6.596348778324162,6.862055370761847,6.330642185886478,1.0,5.27707902265933,5.542093925539536,5.012064119779123,1.0,1.3192697556648325,1.3646058821755997,1.273933629154065,1.0,2.638539511329666,2.7037105891771662,2.573368433482165,1.0,3.298174389162083,3.4189103604101745,3.1774384179139905,-3.1608342398539544,-3.0218437343102327,-3.299824745397676,0.13899103480596153,0.27798154034968336,5.292622397012892e-7,-3.7203606555792277,-3.581370150035506,-3.8593511611229494,-3.7203606555868483,-3.5813701500469417,-3.859351161126755,0.13899103480596153,0.27798154034968336,5.292622397012892e-7,-3.417744364353644,-3.2787538588099223,-3.5567348698973658
1.0,0.4881298100841179,0.507742405601286,0.46851721456694995,1.0,2.1767950970646535,2.2660017228374163,2.0875884712918906,1.0,2.4406490459053893,2.542951751101558,2.338346340709221,1.0,1.1081865952017345,1.1551976193594653,1.0611755710440038,1.0,1.1081865952017345,1.1290320865338874,1.0873411038695817,1.0,6.2665313331414225,6.49988956168981,6.033173104593036,1.0,6.596348778324162,6.822761026597672,6.369936530050655,1.0,5.27707902265933,5.502901872730938,5.051256172587722,1.0,1.3192697556648325,1.3579012936976058,1.2806382176320592,1.0,2.638539511329666,2.6940726846788405,2.5830063379804913,1.0,3.298174389162083,3.40105517374095,3.195293604583216,-3.1509193651496945,-3.0324836403898505,-3.2693550899095385,-3.761470217149804,-3.6430344923913793,-3.8799059419082287,-3.761470217149804,-3.6430344923913793,-3.8799059419082287,1.7486012637846216e-15,0.1184357247598456,-0.11843572475984214,-3.761470217149804,-3.6430344923913793,-3.8799059419082287,1.7486012637846216e-15,0.1184357247598456,-0.11843572475984214
1.0,0.5162145780209999,0.5358500520449762,0.49657910400671124,1.0,2.3020379809947866,2.391348668180191,2.2127272938534457,1.0,2.5810728853300158,2.6834949287920082,2.478650841918555,1.0,1.1719466088580215,1.2190124723681122,1.124880745371152,1.0,1.1719466088580215,1.1928164168959845,1.1510768008303551,1.0,6.627079028907327,6.8607094747568835,6.39344858317304,1.0,6.975872668983586,7.202549031925602,6.749196306153406,1.0,5.580698135186869,5.8067844123815355,5.3546118581037465,1.0,1.3951745337967172,1.4338511363343451,1.356497931278171,1.0,2.7903490675934353,2.8459470215619542,2.734751113652347,1.0,3.4879363344917937,3.590937131678291,3.3849355373561143,-2.067790383364354e-15,0.11857388253365046,-0.11857388247515338,3.127094706161188,3.24566858869484,3.0085208236860366,-2.067790383364354e-15,0.11857388253365046,-0.11857388247515338,-2.067790383364354e-15,0.11857388253365046,-0.11857388247515338,-2.067790383364354e-15,0.11857388253365046,-0.11857388247515338,-2.067790383364354e-15,0.11857388253365046,-0.11857388247515338
1.0,0.5162145780209999,0.5307248186411103,0.5017043374977659,1.0,2.3020379809947866,2.368036874600575,2.236039087829635,1.0,2.5810728853300158,2.6567608210336404,2.505384950131715,1.0,1.1719466088580215,1.2067273838823867,1.1371658340658668,1.0,1.1719466088580215,1.1873689987609384,1.1565242190580707,1.0,6.627079028907327,6.799727470260016,6.454430588707313,1.0,6.975872668983586,7.143382175765233,6.808363163320301,1.0,5.580698135186869,5.747771579861226,5.4136246916279624,1.0,1.3951745337967172,1.4237558050460937,1.366593262738161,1.0,2.7903490675934353,2.831434894657449,2.7492632408037267,1.0,3.4879363344917937,3.5640519581540646,3.411820711337702,-1.4988010832439613e-15,0.08762383656860387,-0.08762383598359383,-3.1270947061611913,-3.039470869592586,-3.2147185421447837,-1.4988010832439613e-15,0.08762383656860387,-0.08762383598359383,3.164868572266144,3.2524924088347493,3.0772447362825517,-1.4988010832439613e-15,0.08762383656860387,-0.08762383598359383,0.10000048158904207,0.18762431815764744,0.012376645605449738
1.0,0.5162145780209999,0.5294668659421206,0.5029622900998793,1.0,2.3020379809947866,2.362315157882337,2.2417608041072365,1.0,2.5810728853300158,2.6501991212319584,2.5119466494280727,1.0,1.1719466088580215,1.203712094821348,1.1401811228946945,1.0,1.1719466088580215,1.1860319680726696,1.157861249643373,1.0,6.627079028907327,6.78475986369428,6.469398194120375,1.0,6.975872668983586,7.12886008466563,6.822885253301541,1.0,5.580698135186869,5.733287292787011,5.428108977586727,1.0,1.3951745337967172,1.4212779765765313,1.3690710910169033,1.0,2.7903490675934353,2.827872994589867,2.7528251405970026,1.0,3.4879363344917937,3.557453180316533,3.4184194886670545,-1.4988010832439613e-15,0.0800273642155168,-0.08002736421552001,-1.4988010832439613e-15,0.0800273642155168,-0.08002736421552001,-1.4988010832439613e-15,0.0800273642155168,-0.08002736421552001,-3.1648685722661436,-3.084841208050625,-3.244895936481662,-1.4988010832439613e-15,0.0800273642155168,-0.08002736421552001,-0.10000048158903999,-0.019973117373521684,-0.1800278458045585
1.0,0.5162182934330818,0.5315785161532146,0.5008580708098254,1.0,2.356901496449135,2.426766478816295,2.2870365145226117,1.0,2.5810914623903902,2.6612130523813584,2.5009698729047463,1.0,1.1719550438476074,1.208773210047598,1.1351368778798274,1.0,1.1719550438476074,1.1882808478082398,1.155629239989941,1.0,6.627126726765038,6.809888583090541,6.444364871592208,1.0,6.975922877254911,7.153244770066234,6.7986009855619525,1.0,5.580738301803929,5.757598588825026,5.403878015898281,1.0,1.3951845754509822,1.425440082820481,1.3649290682723034,1.0,2.7903691509019652,2.8338617070122663,2.74687659506597,1.0,3.487961438627457,3.568535769718418,3.407387108044675,-1.4988010832439613e-15,0.09275667306446346,-0.0927566724794534,-1.4988010832439613e-15,0.09275667306446346,-0.0927566724794534,-1.4988010832439613e-15,0.09275667306446346,-0.0927566724794534,-1.4988010832439613e-15,0.09275667306446346,-0.0927566724794534,-1.4988010832439613e-15,0.09275667306446346,-0.0927566724794534,-1.4988010832439613e-15,0.09275667306446346,-0.0927566724794534
1.0,1.0678327248430934,1.0854050790171346,1.0502603706884277,1.0,4.707109794911332,4.787036514522612,4.627183075388179,1.0,5.339163614338015,5.430824066270343,5.247503162506751,1.0,2.4242688873784077,2.466389491245495,2.3821482835577625,1.0,2.4242688873784077,2.4429458827969817,2.4055918919804267,1.0,13.708663332054815,13.917745981920792,13.499580682419374,1.0,14.430171942908926,14.633031182652097,14.227312703389428,1.0,11.54413755432714,11.746468709251332,11.341806399626035,1.0,2.886034388581785,2.9206471999256784,2.851421577276055,1.0,5.772068777163572,5.821824995795923,5.722312558586079,1.0,6.407821604604014,6.5,6.315643209309663,9.71445146547012e-17,0.10611520033222643,-0.10611520021522372,9.71445146547012e-17,0.10611520033222643,-0.10611520021522372,3.1128026361469665,3.218917836479193,3.0066874359317426,9.71445146547012e-17,0.10611520033222643,-0.10611520021522372,3.9983427075778906,4.104457907910117,3.8922275073626666,3.9983427075778906,4.104457907910117,3.8922275073626666
1.0,1.0678327248430934,1.0830229818530301,1.0526424679300335,1.0,4.761956741636141,4.831048645932608,4.692864837780311,1.0,5.339163614338015,5.4183986336592085,5.259928595522147,1.0,2.4242688873784077,2.4606796489541085,2.387858126034918,1.0,2.4242688873784077,2.440414041167799,2.408123733691983,1.0,13.708663332054815,13.889402870782902,13.527923794479406,1.0,14.430171942908926,14.605531713035301,14.254812173900918,1.0,11.54413755432714,11.719040826476986,11.369234283292748,1.0,2.886034388581785,2.9159551092173217,2.856113668137069,1.0,5.772068777163572,5.815080074419607,5.729057480181841,1.0,6.420317249301916,6.5,6.340634499112011,-1.4988010832439613e-15,0.09173029121440207,-0.09173029062939213,3.998342606358257,4.090072897572661,3.9066123157288666,0.1000004815968083,0.19173077281121187,0.00827019096741767,3.998342606358257,4.090072897572661,3.9066123157288666,1.13720918600804,1.2289394772224436,1.0454788953786494,0.10000048159679409,0.19173077281119766,0.00827019096740346
1.0,1.0678327248430934,1.0776485599395014,1.0580168898435618,1.0,4.761956741636141,4.806603434488492,4.717310049224425,1.0,5.339163614338015,5.390364715346957,5.287962513834398,1.0,2.4242688873784077,2.447797260277426,2.4007405147116008,1.0,2.4242688873784077,2.434701769922735,2.4138360049370466,1.0,13.708663332054815,13.825455925254209,13.591870740008098,1.0,14.430171942908926,14.543488168235365,14.316855718700848,1.0,11.54413755432714,11.657158793936318,11.431116315833412,1.0,2.886034388581785,2.905368943588458,2.8666998337659324,1.0,5.772068777163572,5.799862368863282,5.744275185738167,1.0,6.448509578187586,6.5,6.397019156883354,-1.4988010832439613e-15,0.059275456058251644,-0.05927545547324149,0.1000004815825477,0.15927593764080084,0.04072502610930771,3.998342606330425,4.057618062388678,3.939067150857185,3.998342606330425,4.057618062388678,3.939067150857185,-2.8580453049847248,-2.7987698489264714,-2.9173207604579647,3.998342606330425,4.057618062388678,3.939067150857185
1.0,1.0678327248430934,1.0832086003621646,1.0524568493240225,1.0,4.761956741636141,4.831892919749725,4.692020563522556,1.0,5.339163614338015,5.419366852047353,5.2589603766286785,1.0,2.4242688873784077,2.461124573044314,2.387413201712501,1.0,2.4242688873784077,2.440611328111277,2.407926446645538,1.0,13.708663332054815,13.89161143142137,13.525715232688265,1.0,14.430171942908926,14.60767453517924,14.252669350638614,1.0,11.54413755432714,11.721178070408932,11.36709703824535,1.0,2.886034388581785,2.91632072775511,2.85574804940846,1.0,5.772068777163572,5.815605654261172,5.728531900065971,1.0,6.419343559825915,6.5,6.33868711965183,-1.4988010832439613e-15,0.09285119653460455,-0.09285119653460766,0.10000049193704541,0.19285168847165146,0.0071492954024392485,-2.00017327740376,-1.9073220808691542,-2.0930244739383665,3.998342626534111,4.091193823068717,3.905491429999505,3.998342626534111,4.091193823068717,3.905491429999505,0.10000049193704541,0.19285168847165146,0.0071492954024392485
1.0,1.0678327248430934,1.0836689848633438,1.0519964647356543,1.0,4.761956741636141,4.833986948960308,4.6899265339154015,1.0,5.339163614338015,5.421768297580649,5.256558930640591,1.0,2.4242688873784077,2.4622281060717426,2.3863096684760836,1.0,2.4242688873784077,2.4411006535103756,2.407437121153771,1.0,13.708663332054815,13.897089263845556,13.520237399226673,1.0,14.430171942908926,14.612989318217062,14.247354566594264,1.0,11.54413755432714,11.726479017960425,11.361796089689953,1.0,2.886034388581785,2.9172275613943115,2.8548412155975216,1.0,5.772068777163572,5.81690923553826,5.727228318542008,1.0,6.416928544503344,6.5,6.333857088549329,-1.4988010832439613e-15,0.09563134728097905,-0.09563134780749388,3.9983431216119243,4.093974468892905,3.902711773804432,0.10000074566698913,0.19563209294796968,0.004369397859496749,1.446014634236878,1.5416459815178585,1.3503832864293857,0.10000074566698913,0.19563209294796968,0.004369397859496749,3.9983431216119314,4.093974468892912,3.9027117738044392
1.0,1.0678327248430934,1.1065094420157664,1.0291560076704211,1.0,4.761956741636141,4.937875295196347,4.586038188075935,1.0,5.339163614338015,5.540908089790433,5.1374191388855985,1.0,2.4242688873784077,2.5169762541190632,2.3315615206377522,1.0,2.4242688873784077,2.465376917770068,2.3831608569867475,1.0,13.708663332054815,14.168853835529038,13.248472828580596,1.0,14.430171942908926,14.876664732873316,13.98367915294454,1.0,11.54413755432714,11.989468030637681,11.0988070780166,1.0,2.886034388581785,2.9622171186610866,2.809851658502484,1.0,5.772068777163572,5.881582117070414,5.662555437256731,1.0,6.2971155319969565,6.5,6.094231063993914,0.7264836711237592,0.9600430195367367,0.49292432271078207,0.2335598199571578,0.4671191683701378,4.715441779823415e-7,3.9983426097550137,4.231901958167991,3.7647832613420364,-3.391257473624589,-3.1576981252116116,-3.624816822037566,3.9983426097550137,4.231901958167991,3.7647832613420364,0.23355981995758412,0.4671191683709992,4.7154416926709075e-7
1.0,1.0678327248430934,1.0939911845130066,1.0416742651053665,1.0,4.761956741636141,4.880936808324572,4.6429766746392644,1.0,5.339163614338015,5.4756106840618815,5.202716544260423,1.0,2.4242688873784077,2.486970225321918,2.3615675492723494,1.0,2.4242688873784077,2.4520717319246246,2.396466042760114,1.0,13.708663332054815,14.019906777869112,13.397419885433651,1.0,14.430171942908926,14.73215113072487,14.128192754310131,1.0,11.54413755432714,11.845330627470986,11.242944480402478,1.0,2.886034388581785,2.9375595183756693,2.8345092586543266,1.0,5.772068777163572,5.846136601288385,5.698000952846745,1.0,6.362781912171718,6.5,6.225563823987711,3.9983426063346954,4.1563072228432745,3.840377989416607,3.9983426063346954,4.1563072228432745,3.840377989416607,0.15796508675211385,0.31592970326069325,4.6983402543498975e-7,-2.766246913808006,-2.6082822972994264,-2.9242115307260943,0.15796508675210674,0.31592970326068615,4.698340183295624e-7,3.242766670615755,3.4007312871243345,3.0848020536976666
1.0,1.0678327248430934,1.084453628920709,1.051211820765478,1.0,4.761956741636141,4.837555851848705,4.686357631423576,1.0,5.339163614338015,5.425861137287369,5.252466091388659,1.0,2.4242688873784077,2.464108883182743,2.3844288915740717,1.0,2.4242688873784077,2.441934622215961,2.4066031525408538,1.0,13.708663332054815,13.906425261577596,13.510901402532035,1.0,14.430171942908926,14.622047427072006,14.238296458745848,1.0,11.54413755432714,11.735513546672895,11.352761561981385,1.0,2.886034388581785,2.918773099144159,2.853295678019411,1.0,5.772068777163572,5.819130959553162,5.725006594773982,1.0,6.412812577487852,6.5,6.325625154975705,3.9983426063288547,4.09871222945564,3.8979729832020693,0.09998053765778252,0.20035016078456794,-0.0003890854690029033,2.0723949964600705,2.172764619586856,1.972025373333285,3.9983426063288547,4.09871222945564,3.8979729832020693,3.9983426063288476,4.098712229455633,3.897972983202062,0.09998053765778252,0.20035016078456794,-0.0003890854690029033
1.0,1.0678327248430934,1.0785848331905783,1.0570806164956088,1.0,4.761956741636141,4.810862012984987,4.7130514702872945,1.0,5.339163614338015,5.3952484792681625,5.283078749407868,1.0,2.4242688873784077,2.4500414897261016,2.398496285030714,1.0,2.4242688873784077,2.4356968996047175,2.412840875152098,1.0,13.708663332054815,13.836596065635792,13.58073059847384,1.0,14.430171942908926,14.554296718872585,14.306047166945268,1.0,11.54413755432714,11.667939207666816,11.420335900987467,1.0,2.886034388581785,2.907213150066707,2.8648556270968637,1.0,5.772068777163572,5.802513431783982,5.741624122543162,1.0,6.4435982177015845,6.5,6.38719643540317,3.9983426063305174,4.063271990292778,3.9334132223682574,3.9983426063305174,4.063271990292778,3.9334132223682574,3.9983426063305174,4.063271990292778,3.9334132223682574,-1.1932570515759022,-1.1283276676136422,-1.2581864355381622,3.9983426063305174,4.063271990292778,3.9334132223682574,3.9983426063305103,4.063271990292771,3.9334132223682503
1.0,1.0678327248430934,1.080406094041748,1.055259355654127,1.0,4.761956741636141,4.819145900502202,4.704767582814142,1.0,5.339163614338015,5.404748492246018,5.273578736480545,1.0,2.4242688873784077,2.454407017878503,2.394130756901533,1.0,2.4242688873784077,2.4376326493760008,2.410905125391111,1.0,13.708663332054815,13.858266129936126,13.559060534288772,1.0,14.430171942908926,14.575321766967054,14.285022118962633,1.0,11.54413755432714,11.68890952318548,11.399365585580348,1.0,2.886034388581785,2.9108005440849016,2.861268233097751,1.0,5.772068777163572,5.807670342019219,5.736467212335354,1.0,6.434044523233806,6.5,6.368089046518432,3.99834269130141,4.074270229419054,3.9224151532422673,3.998342691301403,4.074270229419047,3.92241515324226,3.998342691301403,4.074270229419047,3.92241515324226,0.10000052513062485,0.17592806324826873,0.024072987071482338,3.99834269130141,4.074270229419054,3.9224151532422673,0.26522637400449733,0.3411539121221412,0.18929883594535482
1.0,1.0678327248430934,1.08478372427047,1.0508817254157172,1.0,4.761956741636141,4.839057269257211,4.684856214015071,1.0,5.339163614338015,5.427582971973842,5.25074425670219,1.0,2.4242688873784077,2.4649001155542254,2.38363765920259,1.0,2.4242688873784077,2.4422854681683086,2.406252306588507,1.0,13.708663332054815,13.910352863409024,13.50697380070061,1.0,14.430171942908926,14.62585812261297,14.234485763204885,1.0,11.54413755432714,11.739314322180304,11.348960786473977,1.0,2.886034388581785,2.9194232981985153,2.852645478965055,1.0,5.772068777163572,5.820065626372961,5.724071927954183,1.0,6.411081013272423,6.5,6.322162026544847,3.998342643855949,4.100705633029291,3.8959796546826078,3.998342643855956,4.100705633029298,3.895979654682615,1.342207096820205,1.4445700859935464,1.2398441076468634,3.998342643855949,4.100705633029291,3.8959796546826078,3.998342643855949,4.100705633029291,3.8959796546826078,0.09987557785051422,0.20223856702385568,-0.0024874113228272737
1.0,1.0678327248430934,1.0786893007892966,1.0569761488968907,1.0,4.761956741636141,4.811337177119998,4.712576306152283,1.0,5.339163614338015,5.39579340041054,5.282533828265489,1.0,2.4242688873784077,2.4502918966038014,2.398245878153014,1.0,2.4242688873784077,2.4358079342926895,2.412729840464126,1.0,13.708663332054815,13.837839061431852,13.579487602677785,1.0,14.430171942908926,14.555502716512052,14.3048411693058,1.0,11.54413755432714,11.669142065843442,11.419133042810838,1.0,2.886034388581785,2.9074189231378713,2.8646498540256986,1.0,5.772068777163572,5.802809232371104,5.741328321956038,1.0,6.443050217386694,6.5,6.386100434773389,0.8730508537742026,0.9386110923195435,0.8074906152288616,3.9983426063295937,4.063902844874935,3.932782367784253,3.9983426063295937,4.063902844874935,3.932782367784253,3.9983426063295937,4.063902844874935,3.932782367784253,3.9983426063295973,4.063902844874939,3.9327823677842564,0.10000048158212138,0.16556072012746237,0.034440243036780394
1.0,1.0678327248430934,1.0789731948697987,1.0566922548260762,1.0,4.761956741636141,4.812628451035083,4.711285032281261,1.0,5.339163614338015,5.397274241250762,5.281052987475801,1.0,2.4242688873784077,2.4509723853981096,2.3975653893819273,1.0,2.4242688873784077,2.436109674650776,2.4124281001163363,1.0,13.708663332054815,13.841216942735901,13.576109721489,1.0,14.430171942908926,14.558780054128166,14.301563831801523,1.0,11.54413755432714,11.672410871867678,11.415864236898146,1.0,2.886034388581785,2.907978118118393,2.864090659064259,1.0,5.772068777163572,5.803613080039891,5.740524474314683,1.0,6.441561008795522,6.5,6.383122017641863,-3.9310670604333495,-3.8637924541415334,-3.998341666666664,-1.1252509897523248,-1.0579763834605087,-1.1925255959856396,0.10000078451961514,0.1672753908114312,0.03272617828630042,-3.8637924542000346,-3.7965178479082184,-3.9310670604333495,-3.931067060433353,-3.863792454141537,-3.9983416666666676,-0.7246140891243389,-0.6573394828325229,-0.7918886953576536
1.0,1.0678327248430934,1.0765243233934,1.0591411263024744,1.0,4.761956741636141,4.80148991706749,4.722423566248855,1.0,5.339163614338015,5.384500502227082,5.29382672649948,1.0,2.4242688873784077,2.4451024863306774,2.403435288449359,1.0,2.4242688873784077,2.433506861112398,2.4150309136547143,1.0,13.708663332054815,13.812079325066952,13.60524733915795,1.0,14.430171942908926,14.530509726714394,14.329834159215293,1.0,11.54413755432714,11.644214137999626,11.444060970766198,1.0,2.886034388581785,2.903154499974887,2.868914277207765,1.0,5.772068777163572,5.796679086826722,5.747458467527852,1.0,6.454406928072454,6.5,6.408813856195728,0.10000048159171371,0.15248694483040573,0.04751401841152298,0.10000048159171371,0.15248694483040573,0.04751401841152298,-3.692468760233731,-3.639982296995039,-3.7449552234139216,-3.945855203486474,-3.893368740247782,-3.9983416666666645,-0.8865384678884554,-0.8340520046497634,-0.939024931068646,-3.945855203486474,-3.893368740247782,-3.9983416666666645
1.0,1.0678327248430934,1.0820122471984055,1.0536532024974687,1.0,4.761956741636141,4.826451384544553,4.697462098771792,1.0,5.339163614338015,5.413126466122124,5.265200762604439,1.0,2.4242688873784077,2.458256936915612,2.390280837864424,1.0,2.4242688873784077,2.439339769255974,2.4091980055111377,1.0,13.708663332054815,13.877376759892629,13.539949904332271,1.0,14.430171942908926,14.593863563077223,14.266480322852466,1.0,11.54413755432714,11.707403051141558,11.380872057624266,1.0,2.886034388581785,2.9139642338017255,2.8581045433809265,1.0,5.772068777163572,5.812218173620393,5.7319193807341815,1.0,6.425619208146563,6.5,6.3512384163439455,-1.4163421077886924,-1.3307153989000196,-1.501968816618864,-3.8270882490063194,-3.7414615401176463,-3.9127149578364913,0.10000049047993542,0.1856271993686084,0.014373781649763773,-3.82708824900633,-3.7414615401176583,-3.9127149578365,0.10000049047993542,0.1856271993686084,0.014373781649763773,-3.912714957836492,-3.827088248947819,-3.998341666666664
1.0,1.0678327248430934,1.0803172641970678,1.055348185498807,1.0,4.761956741636141,4.8187418636828605,4.705171619633485,1.0,5.339163614338015,5.4042851403451975,5.274042088381366,1.0,2.4242688873784077,2.454194094404376,2.394343680375661,1.0,2.4242688873784077,2.437538235469607,2.410999539297505,1.0,13.708663332054815,13.8572091981711,13.560117466053802,1.0,14.430171942908926,14.574296295104844,14.286047590824843,1.0,11.54413755432714,11.687886720839943,11.400388387925883,1.0,2.886034388581785,2.910625573183157,2.8614432039994955,1.0,5.772068777163572,5.807418819819678,5.736718734534896,1.0,6.43451049338583,6.5,6.369020986822478,-3.8475594344792836,-3.7721683183270933,-3.9229505505729727,-3.8475594344792943,-3.772168318327104,-3.9229505505729834,-2.9312201074428184,-2.855828991290628,-3.0066112235365074,0.10000048159773911,0.17539159774992935,0.024609365504050226,-3.8475594344792943,-3.772168318327104,-3.9229505505729834,-0.5067214268337268,-0.43133031068153654,-0.5821125429274157
1.0,1.0678327248430934,1.0809080140429286,1.0547574356529459,1.0,4.761956741636141,4.821428851255662,4.702484632060683,1.0,5.339163614338015,5.407366594162611,5.270960634563952,1.0,2.4242688873784077,2.4556101107215746,2.392927664058462,1.0,2.4242688873784077,2.438166121298414,2.4103716534686983,1.0,13.708663332054815,13.864238167764881,13.55308849646002,1.0,14.430171942908926,14.581116045231822,14.279227840697866,1.0,11.54413755432714,11.694688717738051,11.393586391027773,1.0,2.886034388581785,2.911789191487437,2.860279585695215,1.0,5.772068777163572,5.809091531295702,5.735046023058872,1.0,6.43141162727304,6.5,6.362823254596898,-1.279369653986575,-1.2004111422754928,-1.358328165639156,-3.9193831550140814,-3.8404246433029994,-3.9983416666666622,0.10000064729101155,0.17895915900209375,0.02104213563843066,0.10000064729101155,0.17895915900209375,0.02104213563843066,0.10000064729101155,0.17895915900209375,0.02104213563843066,3.998342929660744,4.0773014413718265,3.919384418008163
1.0,1.0678327248430934,1.0866275720402714,1.0490378776459155,1.0,4.761956741636141,4.847443891917055,4.676469591355226,1.0,5.339163614338015,5.437200802242942,5.2411264264330875,1.0,2.4242688873784077,2.469319784127589,2.379217990629226,1.0,2.4242688873784077,2.444245224727279,2.404292550029536,1.0,13.708663332054815,13.932291675581903,13.485034988527726,1.0,14.430171942908926,14.647143919215946,14.213199966601906,1.0,11.54413755432714,11.760544707424843,11.327730401229436,1.0,2.886034388581785,2.923055182371285,2.849013594792285,1.0,5.772068777163572,5.825286491593999,5.718851062733144,1.0,6.401408835766131,6.5,6.302817671532258,3.9983426346826434,4.111840174954648,3.884845094410639,0.09928929298854143,0.21278683326054565,-0.014208247283462885,-0.08876952274210037,0.024728017529903862,-0.2022670630141047,3.998342634682629,4.111840174954634,3.884845094410625,-3.884844126394654,-3.77134658612265,-3.9983416666666582,-3.771346586122664,-3.65784904585066,-3.8848441263946683
1.0,1.0678327248430934,1.0798501709687487,1.0558152787174382,1.0,4.761956741636141,4.816617320259569,4.707296163012712,1.0,5.339163614338015,5.4018487009257425,5.27647852775029,1.0,2.4242688873784077,2.453074480683632,2.3954632940731835,1.0,2.4242688873784077,2.437041779616341,2.4114959951404744,1.0,13.708663332054815,13.851651542722992,13.565675121386642,1.0,14.430171942908926,14.568904065000241,14.29143982081761,1.0,11.54413755432714,11.682508527832503,11.40576658082178,1.0,2.886034388581785,2.9097055251559154,2.8623632520076554,1.0,5.772068777163572,5.806096242744361,5.738041311582783,1.0,6.436960700333651,6.5,6.3739214006673,0.10000048158204322,0.17257093460588968,0.027430028558196762,-3.108772701856034,-3.036202248832187,-3.1813431548798805,0.10000048158205033,0.1725709346058968,0.027430028558203867,0.10000048158205743,0.1725709346059039,0.027430028558210973,0.10000048158204322,0.17257093460588968,0.027430028558196762,3.9983426063294374,4.070913059353284,3.9257721533055907
1.0,1.0678327248430934,1.0783944398875231,1.057271009808351,1.0,4.761956741636141,4.809996021325679,4.7139174619906665,1.0,5.339163614338015,5.394255354725485,5.284071874001079,1.0,2.4242688873784077,2.44958512054429,2.3989526542357464,1.0,2.4242688873784077,2.435494537712073,2.413043237055039,1.0,13.708663332054815,13.834330692657016,13.582995971567886,1.0,14.430171942908926,14.55209877542532,14.308245110504368,1.0,11.54413755432714,11.665746985923766,11.422528122842058,1.0,2.886034388581785,2.906838126469157,2.865230650713495,1.0,5.772068777163572,5.801974332086861,5.742163222267713,1.0,6.444596954068716,6.5,6.389193908188249,-2.9111278758070713,-2.8473482309916243,-2.974907520564017,0.10000048159763253,0.16378012641307974,0.03622083684068664,0.10000048159763253,0.16378012641307974,0.03622083684068664,3.998342606359863,4.06212225117531,3.934562961602917,0.10000048159763253,0.16378012641307974,0.03622083684068664,0.10000048159763253,0.16378012641307974,0.03622083684068664
1.0,1.2205123667059135,1.230141507849266,1.2108832255625612,1.0,4.956202472552079,5.0,4.912404945104158,1.0,5.949772727081514,6.0,5.899545454163029,1.0,2.7708929389671058,2.79397380995698,2.7478120679772315,1.0,2.7708929389671058,2.781127391518994,2.7606584864152177,1.0,15.668739811508704,15.783311048022918,15.55416857499449,1.0,16.49341034439731,16.604571332411414,16.38224935638321,1.0,13.194728275517846,13.305599888345945,13.083856662689744,1.0,3.2986820688794616,3.31764888701308,3.2797152507458422,1.0,6.597364137758925,6.624629104491623,6.570099171026227,1.0,6.449488909064505,6.5,6.398977818129012,3.998342148266138,4.05649020465824,3.9401940918740364,3.998342148266138,4.05649020465824,3.9401940918740364,3.998342148266138,4.05649020465824,3.9401940918740364,3.998342148266138,4.05649020465824,3.9401940918740364,3.998342148266138,4.05649020465824,3.9401940918740364,3.998342148266145,4.056490204658247,3.9401940918740435
1.0,1.2292079522487471,1.2405716525011101,1.2178442520060717,1.0,4.948312942317143,5.0,4.89662588467835,1.0,5.940724965452048,6.0,5.881449930954631,1.0,2.790634268295748,2.817872844985785,2.763395691628932,1.0,2.790634268295748,2.802712318592786,2.778556218009006,1.0,15.780372328389383,15.915582018423779,15.645162638470254,1.0,16.6109182570208,16.74210338856504,16.47973312558839,1.0,13.288734605616636,13.419578234961959,13.157890976382857,1.0,3.322183651404159,3.3445670844438053,3.2998002183835946,1.0,6.64436730280832,6.676543683310847,6.612190922333225,1.0,6.4403900214707015,6.5,6.380780042992221,3.998342188971305,4.066964828650185,3.929719549350926,3.998342188971312,4.0669648286501925,3.929719549350933,3.998342188971305,4.066964828650185,3.929719549350926,3.998342188971305,4.066964828650185,3.929719549350926,3.998342188971312,4.0669648286501925,3.929719549350933,3.998342188971305,4.066964828650185,3.929719549350926
1.0,1.1607662359889466,1.1732811741780056,1.1482512977998875,1.0,4.943076610812507,5.0,4.8861532216250145,1.0,5.803831169207647,5.869111260819326,5.738551077595966,1.0,2.635253074718079,2.665251147182448,2.60525500225371,1.0,2.635253074718079,2.648554732589629,2.6219514168465294,1.0,14.901728675460042,15.050636238644877,14.752821112275207,1.0,15.686030200380815,15.83050548361951,15.54155491714212,1.0,12.54882416030465,12.692923344313689,12.40472497629561,1.0,3.1372060400761623,3.161857102206375,3.11255497794595,1.0,6.2744120801523255,6.30984819727914,6.238975963025511,1.0,6.434351031778566,6.5,6.368702063557133,3.9983422236188684,4.073916910989969,3.922767536247767,3.9983422236188684,4.073916910989969,3.922767536247767,3.998342223618865,4.073916910989966,3.9227675362477634,3.9983422236188684,4.073916910989969,3.922767536247767,3.998342223618865,4.073916910989966,3.9227675362477634,3.9983422236188684,4.073916910989969,3.922767536247767
1.0,1.0678327248430934,1.084335665145976,1.0513297846370873,1.0,4.761956741636141,4.837019301227542,4.686894182485376,1.0,5.339163614338015,5.4252458177464264,5.253081411434928,1.0,2.4242688873784077,2.4638261262238874,2.3847116487651387,1.0,2.4242688873784077,2.4418092429492777,2.4067285319105043,1.0,13.708663332054815,13.905021683072118,13.512304982190189,1.0,14.430171942908926,14.620685626517421,14.239658260418796,1.0,11.54413755432714,11.734155291168562,11.354119818601166,1.0,2.886034388581785,2.918540742236268,2.853528035118122,1.0,5.772068777163572,5.818796944468548,5.725340610132902,1.0,6.413431373999809,6.5,6.326862748507797,2.409416594995853,2.5090738633940823,2.309759327182636,3.998342648018493,4.097999916416723,3.8986853802052766,3.9983426480185003,4.09799991641673,3.8986853802052837,3.998342648018493,4.097999916416723,3.8986853802052766,3.9983426480184967,4.097999916416726,3.89868538020528,3.9983426480184967,4.097999916416726,3.89868538020528
1.0,1.0678327248430934,1.128727380384165,1.0069380693213974,1.0,4.723024586742812,5.0,4.446049173573754,1.0,5.339163614338015,5.656800715882644,5.021526512894452,1.0,2.4242688873784077,2.5702322362993653,2.278305538503892,1.0,2.4242688873784077,2.4889915301894874,2.3595462445879214,1.0,13.708663332054815,14.43321143853514,12.98411522580503,1.0,14.430171942908926,15.133153649579317,13.72719023646221,1.0,11.54413755432714,12.245289253314464,10.842985855562906,1.0,2.886034388581785,3.0059804813601883,2.766088295841546,1.0,5.772068777163572,5.944492333201345,5.59964522118066,1.0,6.180568034289942,6.5,5.8611360686815175,3.998342604721902,4.366070713767677,3.6306144957931306,2.160036093962747,2.5277642030085214,1.7923079850339756,3.9983426047219055,4.36607071376768,3.630614495793134,3.9983426047219055,4.36607071376768,3.630614495793134,3.9983426047219055,4.36607071376768,3.630614495793134,0.36772857795638814,0.7354566870021624,4.6902761657863223e-7
1.0,1.0678327248430934,1.097498941995798,1.0381665076903894,1.0,4.761956741636141,4.896891616998162,4.627021866274119,1.0,5.339163614338015,5.493907756438022,5.184419472238009,1.0,2.4242688873784077,2.495378254316275,2.3531595204405407,1.0,2.4242688873784077,2.455799995638563,2.3927377791182525,1.0,13.708663332054815,14.061643429789804,13.355683234319827,1.0,14.430171942908926,14.772645478216086,14.087698407601769,1.0,11.54413755432714,11.885719559748226,11.202555548906053,1.0,2.886034388581785,2.9444688571466417,2.827599920016928,1.0,5.772068777163572,5.856068836121258,5.688068718205884,1.0,6.344381448978256,6.5,6.188762897956511,3.998342606304991,4.177489722569527,3.8191954900404546,3.998342606304991,4.177489722569527,3.8191954900404546,0.17914758608369752,0.35829470234823413,4.698191609364688e-7,3.9983426063049947,4.177489722569531,3.819195490040458,-0.14255179007407648,0.036595326190460103,-0.3216989063386131,0.179147586075743,0.35829470233232436,4.698191616303582e-7
1.0,1.0678327248430934,1.1308242311705656,1.004841218525309,1.0,4.713487196179691,5.0,4.426974392403446,1.0,5.339163614338015,5.6677382538364425,5.01058897489012,1.0,2.4242688873784077,2.575258348365377,2.2732794264146596,1.0,2.4242688873784077,2.491220194154666,2.3573175806124462,1.0,13.708663332054815,14.458160578215118,12.95916608600978,1.0,14.430171942908926,15.157360170354572,13.702983715575117,1.0,11.54413755432714,12.26943275947842,10.818842349287408,1.0,2.886034388581785,3.0101107134262595,2.761958063756393,1.0,5.772068777163572,5.950429577871822,5.593707976482751,1.0,6.169568691859162,6.5,5.839137383769141,3.9983426128360335,4.378733097057149,3.617952128673419,1.2365321840711099,1.6169226682922258,0.8561416999084953,3.9983426128360335,4.378733097057149,3.617952128673419,3.9983426128360335,4.378733097057149,3.617952128673419,3.9983426128360335,4.378733097057149,3.617952128673419,3.9983426128360335,4.378733097057149,3.617952128673419
1.0,1.0678327248430934,1.1156211540266512,1.020044295659536,1.0,4.761956741636141,4.979319329607433,4.544594153664849,1.0,5.339163614338015,5.588436362469385,5.0898908662066455,1.0,2.4242688873784077,2.538816857168621,2.3097209175881943,1.0,2.4242688873784077,2.475061414326259,2.3734763604305567,1.0,13.708663332054815,14.277268500586597,13.140058163523035,1.0,14.430171942908926,14.981852401695594,13.878491484122257,1.0,11.54413755432714,12.094381874066949,10.99389323458733,1.0,2.886034388581785,2.980164740574976,2.791904036588594,1.0,5.772068777163572,5.907381980335085,5.636755573992057,1.0,6.249318692475336,6.5,5.998637384950673,3.9983426063456236,4.28692538166135,3.709759831029898,3.9983426063456236,4.28692538166135,3.709759831029898,3.9983426063456164,4.286925381661343,3.7097598310298907,3.9983426063456164,4.286925381661343,3.7097598310298907,0.6122909340814289,0.9008737093971548,0.32370815876570314,3.99834260634562,4.286925381661346,3.7097598310298943
1.0,1.0678327248430934,1.1054937477368016,1.0301717019493855,1.0,4.761956741636141,4.933255475276858,4.590658007995424,1.0,5.339163614338015,5.535610051991235,5.142717176684796,1.0,2.4242688873784077,2.514541653953906,2.33399612080291,1.0,2.4242688873784077,2.464297374459763,2.384240400297053,1.0,13.708663332054815,14.156768713114802,13.260557950994833,1.0,14.430171942908926,14.864939327887647,13.995404557930206,1.0,11.54413755432714,11.977773149321418,11.110501959332865,1.0,2.886034388581785,2.9602164741195143,2.8118523030440565,1.0,5.772068777163572,5.87870617306728,5.665431381259864,1.0,6.302443507288175,6.5,6.104887014576352,3.819821734832512,4.047247550946904,3.59239591871812,0.22742628595570125,0.4548521020700931,4.698413094139653e-7,8.881784197001252e-16,0.22742581611439275,-0.22742581611439094,4.440892098500626e-16,0.2274258161143923,-0.2274258161143914,3.9983426063492864,4.225768422463679,3.7709167902348946,0.22742628594774672,0.45485210205418336,4.698413101078547e-7
1.0,1.0678327248430934,1.1026476740702205,1.0330177756450294,1.0,4.761956741636141,4.920310292765232,4.60360319063924,1.0,5.339163614338015,5.520764437344059,5.15756279148357,1.0,2.4242688873784077,2.507719668675251,2.340818106151228,1.0,2.4242688873784077,2.4612723896281805,2.3872653851595245,1.0,13.708663332054815,14.122905030535398,13.294421633920036,1.0,14.430171942908926,14.832083608355848,14.02826027779751,1.0,11.54413755432714,11.94500296006531,11.143272148923607,1.0,2.886034388581785,2.9546104744955297,2.817458302725287,1.0,5.772068777163572,5.870647499642214,5.673490054767222,1.0,6.317373009685286,6.5,6.134746019523027,0.2102395346959618,0.4204785997183626,4.698490649879261e-7,3.998342606364794,4.208581671387196,3.7881035415178963,-1.081466409359452,-0.8712273443370502,-1.2917054742063496,-5.551115123125783e-16,0.21023906502240122,-0.21023906484689833,-0.09935645302803059,0.11088261199437119,-0.30959551787492834,-2.193489377468569,-1.9832503124461671,-2.4037284423154666
1.0,1.0678327248430934,1.0864163557144055,1.0492490938942804,1.0,4.761956741636141,4.846483188081494,4.677430294838278,1.0,5.339163614338015,5.436099061196034,5.24222816707574,1.0,2.4242688873784077,2.4688135025500637,2.379724272020983,1.0,2.4242688873784077,2.4440207308255824,2.40451704384886,1.0,13.708663332054815,13.929778542243612,13.487548120943883,1.0,14.430171942908926,14.64470559007335,14.21563829484981,1.0,11.54413755432714,11.758112725760457,11.330162382001463,1.0,2.886034388581785,2.922639143019497,2.8494296339914174,1.0,5.772068777163572,5.82468843139191,5.719449122715789,1.0,6.402516802394103,6.5,6.305033604381662,8.881784197001252e-16,0.11222205592251232,-0.11222205639052106,0.09935645302804019,0.21157850895055164,-0.012865603362481756,1.0814664093594502,1.1936884652819615,0.9692443529689282,-2.3592239273284576e-16,0.1122220559225112,-0.11222205639052218,0.09935645302803217,0.21157850895047647,-0.012865603362422665,0.09935645302802514,0.21157850895053656,-0.012865603362496814
1.0,1.0678327248430934,1.0807124987507433,1.05495295086763,1.0,4.761956741636141,4.8205395625591425,4.703373920404694,1.0,5.339163614338015,5.406346752434867,5.271980475887436,1.0,2.4242688873784077,2.45514146422774,2.3933963103665277,1.0,2.4242688873784077,2.437958315435851,2.410579459248888,1.0,13.708663332054815,13.861911851383223,13.555414811919544,1.0,14.430171942908926,14.578858972381024,14.281484912653976,1.0,11.54413755432714,11.692437520517611,11.395837587355853,1.0,2.886034388581785,2.911404078948945,2.8606646980810515,1.0,5.772068777163572,5.808537928657854,5.735599625477274,1.0,6.432437231795376,6.5,6.3648744632350285,-0.10000048158983438,-0.0222226394801478,-0.17777832410902994,-1.9712670809236768,-1.8934892388139901,-2.0490449234428723,-0.32276530315394325,-0.24498746104425667,-0.4005431456731388,2.7755575615628914e-16,0.07777784210968686,-0.07777784251919528,-0.10000048158983438,-0.0222226394801478,-0.17777832410902994,3.998342606337008,4.076120448446694,3.9205647638178127
1.0,1.0678327248430934,1.077504033556301,1.0581614161395734,1.0,4.761956741636141,4.805946065555903,4.717967417760442,1.0,5.339163614338015,5.389610840625956,5.288716388100607,1.0,2.4242688873784077,2.447450833243528,2.401086941536509,1.0,2.4242688873784077,2.4345481582569244,2.4139896165101877,1.0,13.708663332054815,13.823736294584593,13.593590369640308,1.0,14.430171942908926,14.54181972290764,14.318524163022047,1.0,11.54413755432714,11.655494691919008,11.432780416846816,1.0,2.886034388581785,2.905084265486345,2.866984511696307,1.0,5.772068777163572,5.799453141604975,5.744684412749599,1.0,6.44926771280995,6.5,6.398535425670718,0.10000048158983432,0.1584031777461025,0.04159778549206747,0.10000048158983788,0.15840317774610604,0.04159778549207102,0.32276530315394325,0.3811679993102114,0.2643626070561764,2.7755575615628914e-16,0.05840269615626845,-0.05840269609776658,0.10000048158983432,0.1584031777461025,0.04159778549206747,0.10000048158983432,0.1584031777461025,0.04159778549206747
1.0,1.0678327248430934,1.0868500008077486,1.048815448888126,1.0,4.761956741636141,4.8484555948201224,4.675457888496221,1.0,5.339163614338015,5.43836102933305,5.239966199393512,1.0,2.4242688873784077,2.4698529417176736,2.378684833062363,1.0,2.4242688873784077,2.4444816359121426,2.4040561388549695,1.0,13.708663332054815,13.934938218876553,13.482388445348347,1.0,14.430171942908926,14.64971168732604,14.21063219860365,1.0,11.54413755432714,11.763105791100159,11.325169317665667,1.0,2.886034388581785,2.923493307217272,2.84857546996538,1.0,5.772068777163572,5.825916299886906,5.718221254467667,1.0,6.400242052609309,6.5,6.300484105269437,-4.440892098500626e-16,0.1148407338467921,-0.11484073378829172,3.998342615099304,4.113183348946096,3.883501881311013,-4.440892098500626e-16,0.1148407338467921,-0.11484073378829172,-4.440892098500626e-16,0.1148407338467921,-0.11484073378829172,-4.440892098500626e-16,0.1148407338467921,-0.11484073378829172,-0.36539929821452066,-0.2505585643677281,-0.48024003200281196
1.0,1.0678327248430934,1.079333107796444,1.0563323418994306,1.0,4.761956741636141,4.814265491768929,4.709647991547415,1.0,5.339163614338015,5.399151609597989,5.279175619128574,1.0,2.4242688873784077,2.4518350899429717,2.3967026848370647,1.0,2.4242688873784077,2.436492212585959,2.412045562181153,1.0,13.708663332054815,13.845499325601551,13.571827338623349,1.0,14.430171942908926,14.562934970535489,14.297408915394199,1.0,11.54413755432714,11.676554972162895,11.411720136602929,1.0,2.886034388581785,2.908687049779275,2.863381727403377,1.0,5.772068777163572,5.804632175494571,5.739505378860003,1.0,6.439673032049101,6.5,6.379346064149021,2.7755575615628914e-16,0.06944803347948152,-0.06944803342097965,2.7755575615628914e-16,0.06944803347948152,-0.06944803342097965,2.7755575615628914e-16,0.06944803347948152,-0.06944803342097965,2.7755575615628914e-16,0.06944803347948152,-0.06944803342097965,2.7755575615628914e-16,0.06944803347948152,-0.06944803342097965,2.7914716823245525,2.860919715804034,2.7220236489035727
1.0,1.0678327248430934,1.0827852771938071,1.0528801725020678,1.0,4.761956741636141,4.829967461621169,4.693946021695176,1.0,5.339163614338015,5.4171587248641195,5.261168503862443,1.0,2.4242688873784077,2.4601098753375896,2.3884278994424464,1.0,2.4242688873784077,2.440161393811201,2.408376380955911,1.0,13.708663332054815,13.886574569034394,13.530752095190508,1.0,14.430171942908926,14.602787596568273,14.257556289361414,1.0,11.54413755432714,11.716303853516212,11.371971255249612,1.0,2.886034388581785,2.9154868949733013,2.8565818822093503,1.0,5.772068777163572,5.814407012354213,5.72973054200036,1.0,6.42156416441917,6.500000000000002,6.343128328889154,2.7755575615628914e-16,0.09029485022092404,-0.09029485016242228,2.7755575615628914e-16,0.09029485022092404,-0.09029485016242228,2.7755575615628914e-16,0.09029485022092404,-0.09029485016242228,2.7755575615628914e-16,0.09029485022092404,-0.09029485016242228,2.7755575615628914e-16,0.09029485022092404,-0.09029485016242228,2.167145343130347,2.257440193351271,2.0768504929679246
1.0,0.7960013491947581,0.8122398880368072,0.7797628103623967,1.0,3.5497357432142933,3.623595689813973,3.475875796658677,1.0,3.980006738610778,4.0647097780692985,3.8953036992027896,1.0,1.8071381970876006,1.8460616705830686,1.768214723615354,1.0,1.8071381970876006,1.8243975302738917,1.789878863911606,1.0,10.21893621922456,10.412148619647423,10.025723818916962,1.0,10.756774978361577,10.944236351573842,10.569313605261147,1.0,8.605419982689257,8.792393354933644,8.418446610556419,1.0,2.1513549956723144,2.183340549564157,2.119369441799554,1.0,4.3027099913446305,4.348689504441887,4.256730478274805,1.0,5.378387489180788,5.463569158023244,5.293205820389151,-5.967448757360216e-16,0.09806061187135807,-0.0980606118128579,-5.967448757360216e-16,0.09806061187135807,-0.0980606118128579,-5.967448757360216e-16,0.09806061187135807,-0.0980606118128579,-5.967448757360216e-16,0.09806061187135807,-0.0980606118128579,-5.967448757360216e-16,0.09806061187135807,-0.0980606118128579,-5.967448757360216e-16,0.09806061187135807,-0.0980606118128579
1.0,0.7798523630410132,0.8231446916061567,0.73656003447587,1.0,3.47771999421511,3.674632358504765,3.2808076299254556,1.0,3.899261807991432,4.125082114262401,3.6734415017204634,1.0,1.7704756339497447,1.8742465347588106,1.6667047331406788,1.0,1.7704756339497447,1.816489424376588,1.7244618435229015,1.0,10.01161815415193,10.526726982805085,9.496509325498776,1.0,10.538545435961632,11.038321890069879,10.038768981853385,1.0,8.430836348769304,8.929311780756839,7.93236091678177,1.0,2.107709087192326,2.1929833302688055,2.0224348441158466,1.0,4.215418174384653,4.338000643634734,4.092835705134572,1.0,5.269272717980817,5.496369061508078,5.042176374453554,-3.3306690738754696e-16,0.261431910206161,-0.2614319102061617,-3.3306690738754696e-16,0.261431910206161,-0.2614319102061617,-3.3306690738754696e-16,0.261431910206161,-0.2614319102061617,-3.3306690738754696e-16,0.261431910206161,-0.2614319102061617,-3.3306690738754696e-16,0.261431910206161,-0.2614319102061617,-3.3306690738754696e-16,0.261431910206161,-0.2614319102061617
1.0,0.7501679878819526,0.8019053761048055,0.6984305995912863,1.0,3.345343726733033,3.58066790020187,3.1100195529557504,1.0,3.75083993247071,4.020711136939751,3.480968727647944,1.0,1.7030840795750153,1.8270976302278785,1.5790705287596045,1.0,1.7030840795750153,1.758073806804318,1.6480943522736362,1.0,9.630534960304537,10.246126367104141,9.014943552698064,1.0,10.137405231510602,10.734673368564748,9.540137093673602,1.0,8.109924185208481,8.705637509001786,7.51421086063436,1.0,2.0274810463021202,2.1293897854640496,1.9255723070066166,1.0,4.0549620926042405,4.201456795271117,3.90846738974535,1.0,5.068702615755303,5.340098774808763,4.797306456346115,-3.3306690738754696e-16,0.3124295846509034,-0.31242958506041313,-3.3306690738754696e-16,0.3124295846509034,-0.31242958506041313,-3.3306690738754696e-16,0.3124295846509034,-0.31242958506041313,-3.3306690738754696e-16,0.3124295846509034,-0.31242958506041313,-3.3306690738754696e-16,0.3124295846509034,-0.31242958506041313,-3.3306690738754696e-16,0.3124295846509034,-0.31242958506041313
1.0,0.7116446488979409,0.8587845553738158,0.5645047424414411,1.0,3.1735504584454324,3.842806833092168,2.5042940838868226,1.0,3.5582232379069922,4.325730550318377,2.7907159255966727,1.0,1.6156256884205449,1.968317288665326,1.2629340882222058,1.0,1.6156256884205449,1.772015169984663,1.4592362068770202,1.0,9.135978582444851,10.88670596036527,7.385251204754966,1.0,9.616819570085084,11.31543600291748,7.918203137476361,1.0,7.693455656068066,9.387650236819288,5.999261075539931,1.0,1.9233639140170165,2.2131899540322575,1.6335378740399393,1.0,3.846727828034034,4.263355292040694,3.430100364082235,1.0,4.808409785042542,5.580254032166695,4.036565538020024,5.551115123125783e-16,0.5916367877393567,-0.5916367876614491,5.551115123125783e-16,0.5916367877393567,-0.5916367876614491,5.551115123125783e-16,0.5916367877393567,-0.5916367876614491,5.551115123125783e-16,0.5916367877393567,-0.5916367876614491,5.551115123125783e-16,0.5916367877393567,-0.5916367876614491,5.551115123125783e-16,0.5916367877393567,-0.5916367876614491
1.0,0.7081567764671758,0.9066892913836779,0.5096242616087993,1.0,3.1579964327546675,4.061008772267759,2.254984093505958,1.0,3.5407838757854293,4.576363961428757,2.5052037904452966,1.0,1.6077072753392343,2.083585995555783,1.1318285552620118,1.0,1.6077072753392343,1.8187200306484335,1.3966945200918144,1.0,9.091201841869175,11.453418303714644,6.72898538071531,1.0,9.569686158905661,11.861590512834319,7.277781805648024,1.0,7.6557489271245265,9.94168697704165,5.3698108778766755,1.0,1.9139372317811316,2.3049928875216144,1.5228815761551413,1.0,3.8278744635622646,4.390020384363761,3.2657285429253524,1.0,4.784843079452831,5.826274892042144,3.7434112671684248,4.996003610813204e-16,0.4592792352452091,-0.45927923511074153,4.996003610813204e-16,0.4592792352452091,-0.45927923511074153,4.996003610813204e-16,0.4592792352452091,-0.45927923511074153,4.996003610813204e-16,0.4592792352452091,-0.45927923511074153,4.996003610813204e-16,0.4592792352452091,-0.45927923511074153,4.996003610813204e-16,0.4592792352452091,-0.45927923511074153
1.0,0.5618740255414684,0.8268691747811912,0.2968788763017458,1.0,2.5056544359703783,3.7109677811180175,1.30034109082274,1.0,2.8093701225100083,4.191630854260442,1.427109390759575,1.0,1.275605895058511,1.9107943050619274,0.6404174850550947,1.0,1.275605895058511,1.5572592887515484,0.9939525013654738,1.0,7.213247610768032,10.36626213892499,4.0602330826110755,1.0,7.592892229453977,10.652056299218208,4.533728159689746,1.0,6.074313783563183,9.125514212597777,3.023113354528588,1.0,1.5185784458907958,2.0405476150093658,0.9966092767722254,1.0,3.037156891781591,3.787492131527812,2.286821652035371,1.0,3.7964461147269892,5.186517553232505,2.406374676221473,-8.326672684688674e-16,0.45716414730001126,-0.45716414730001304,-8.326672684688674e-16,0.45716414730001126,-0.45716414730001304,-8.326672684688674e-16,0.45716414730001126,-0.45716414730001304,-8.326672684688674e-16,0.45716414730001126,-0.45716414730001304,-8.326672684688674e-16,0.45716414730001126,-0.45716414730001304,-8.326672684688674e-16,0.45716414730001126,-0.45716414730001304
1.0,0.49652023438959286,0.7922545811372403,0.20078588773882167,1.0,2.214211854068907,3.559340456521176,0.8690832520572731,1.0,2.482601167355153,4.025202893129926,0.9399994420857043,1.0,1.127235126045978,1.836104816804374,0.41836543551979277,1.0,1.127235126045978,1.4415600585288648,0.8129101936660574,1.0,6.374246239550335,9.893007599694375,2.8554848805589663,1.0,6.709732890446928,10.123757223953426,3.2957085580587915,1.0,5.367786312357542,8.77292323001636,1.9626493958141764,1.0,1.3419465780893856,1.9244636984765597,0.759429457893032,1.0,2.683893156178771,3.521266604729524,1.8465197079023246,1.0,3.3548664452234647,4.906184912668713,1.8035479782863955,-7.216449660063518e-16,0.4217530804181159,-0.42175308027995995,-7.216449660063518e-16,0.4217530804181159,-0.42175308027995995,-7.216449660063518e-16,0.4217530804181159,-0.42175308027995995,-7.216449660063518e-16,0.4217530804181159,-0.42175308027995995,-7.216449660063518e-16,0.4217530804181159,-0.42175308027995995,-7.216449660063518e-16,0.4217530804181159,-0.42175308027995995
1.0,0.45997929652547775,0.6523903620508038,0.2675682310970281,1.0,2.0512590231999153,2.926428344967214,1.1760897018732528,1.0,2.29989647837258,3.3035460206112583,1.296246936639227,1.0,1.044277321215059,1.505483041881038,0.5830716007812908,1.0,1.044277321215059,1.2487838178237065,0.8397708247093776,1.0,5.905139605746528,8.19452070091026,3.615758511735469,1.0,6.215936433317545,8.437173387914202,3.9946994798392508,1.0,4.972749146654035,7.188203759186521,2.757294535237001,1.0,1.2431872866635088,1.6221853335697138,0.8641892399481244,1.0,2.4863745733270184,3.031187576112089,1.941561570816254,1.0,3.1079682166587728,4.117289056706347,2.09864737711938,-0.3938408645962975,-0.07863758244802255,-0.7090441465858717,-2.633758696721558,-2.318555414573283,-2.9489619787111323,-0.3938408645962975,-0.07863758244802255,-0.7090441465858717,-3.3679351026875213,-3.0527318205392464,-3.6831383846770955,-0.3938408645962975,-0.07863758244802255,-0.7090441465858717,-3.3679351026875213,-3.0527318205392464,-3.6831383846770955
1.0,0.45997929652547775,0.646706830029802,0.2732517630211533,1.0,2.0512590231999153,2.9005771661356716,1.2019408802641582,1.0,2.29989647837258,3.2738997302817316,1.325893226463428,1.0,1.044277321215059,1.4918597220656333,0.5966949203644838,1.0,1.044277321215059,1.2427430050523374,0.84581163737778,1.0,5.905139605746528,8.126895844059568,3.683383367433485,1.0,6.215936433317545,8.371561405967036,4.06031146066805,1.0,4.972749146654035,7.122762578883162,2.8227357144249066,1.0,1.2431872866635088,1.6109903041694684,0.8753842691575489,1.0,2.4863745733270184,3.0150946235662826,1.9576545230877533,1.0,3.107968216658773,4.087475244812458,2.1284611885050886,0.39384086459629764,0.7876812593411482,4.6985144674938084e-7,2.633758696721557,3.0275990914664077,2.239918301976706,0.39384086459629764,0.7876812593411482,4.6985144674938084e-7,3.3679351026875217,3.7617754974323723,2.9740947079426707,0.39384086459629764,0.7876812593411482,4.6985144674938084e-7,3.3679351026875217,3.7617754974323723,2.9740947079426707
1.0,0.4212694181373418,0.543015898492149,0.2995229377825344,1.0,1.8786338900027804,2.432389903716285,1.3248778762892757,1.0,2.106347086789967,2.741397877365155,1.4712962962147798,1.0,0.9563954351974253,1.2482194685880341,0.6645714018068165,1.0,0.9563954351974253,1.0857951976477715,0.8269956727470791,1.0,5.408188465271118,6.856775061712639,3.9596018688295973,1.0,5.692829969136112,7.098298934852011,4.287361003420214,1.0,4.5542639753088885,5.956074212808724,3.1524537378090534,1.0,1.1385659938272221,1.378373814371219,0.8987581732832253,1.0,2.277131987654445,2.6218578242871913,1.9324061510216988,1.0,2.846414984568057,3.4850542410424996,2.2077757280936137,-5.551115123125783e-16,0.3156078005293087,-0.3156078005293098,-0.3052968131827727,0.010310987346536571,-0.6209046137120819,-5.551115123125783e-16,0.3156078005293087,-0.3156078005293098,-0.3052968131827727,0.010310987346536571,-0.6209046137120819,-5.551115123125783e-16,0.3156078005293087,-0.3156078005293098,-2.0820235210841873,-1.766415720554878,-2.3976313216134963
1.0,0.4212694181373418,0.4964531988161355,0.34608563745854803,1.0,1.8786338900027804,2.220602467355212,1.536665312650349,1.0,2.106347086789967,2.4985187472712727,1.7141754263086613,1.0,0.9563954351974253,1.136609549472427,0.7761813209224234,1.0,0.9563954351974253,1.036305452567966,0.8764854178268846,1.0,5.408188465271118,6.302754095782168,4.513622834760065,1.0,5.692829969136112,6.560768575338805,4.824891362933417,1.0,4.5542639753088885,5.41994315668913,3.688584793928646,1.0,1.1385659938272221,1.2866578198274097,0.9904741678270343,1.0,2.277131987654445,2.490015281037363,2.0642486942715275,1.0,2.846414984568057,3.2408026798156793,2.4520272893204345,1.6653345369377348e-16,0.30529634335299827,-0.30529634335299827,0.3052968131827729,0.610593156535771,4.698297744742952e-7,1.6653345369377348e-16,0.30529634335299827,-0.30529634335299827,0.3052968131827729,0.610593156535771,4.698297744742952e-7,1.6653345369377348e-16,0.30529634335299827,-0.30529634335299827,2.0820235210841886,2.387319864437187,1.7767271777311902
1.0,0.4480057309527616,0.7510114620992758,0.145,1.0,1.8782020245328799,3.2564040499470317,0.5,1.0,2.180530528928475,3.7610610588675977,0.6000000000000001,1.0,1.026299062522451,1.7525981255093237,0.30000000000000004,1.0,0.8890534137177024,1.2111068276413373,0.5670000000000001,1.0,5.678279094918857,9.28355819214306,2.073,1.0,5.896971840988448,9.394938684213624,2.3990050000000003,1.0,4.880860905324149,8.369721812879202,1.3920000000000001,1.0,1.1468397915106812,1.7436795834030034,0.55,1.0,2.1579624133921262,3.015924827332865,1.3,1.0,2.239461593955029,3.8289231889264173,0.65,-0.2664552823835582,0.37423960883923657,-0.9071501731966697,-1.4589286477793286,-0.8182337565565339,-2.09962353859244,-0.9529416752864048,-0.31224678406361006,-1.5936365660995162,-3.3306690738754696e-16,0.6406948912227944,-0.6406948908131118,-2.049127305670554,-1.4084324144477594,-2.6898221964836657,-1.0894173428247866,-0.44872245160199187,-1.730112233637898
1.0,0.32804523114034373,0.4794613452835538,0.17662911796589775,1.0,1.6066729776516073,2.295379407074248,0.9179665526353276,1.0,1.7361546765771263,2.5259674310176408,0.9463419271898532,1.0,0.7447513351150109,1.1076929250552707,0.3818097474968603,1.0,0.7447513351150109,0.9056858372393037,0.5838168340203811,1.0,4.21139147243298,6.012998819059266,2.409784137333423,1.0,4.433043659625654,6.18102560306567,2.6850617273692703,1.0,3.5621421170692353,5.305573699730296,1.818710545562694,1.0,0.8866087319251309,1.1848577508873492,0.5883597148711173,1.0,1.773217463850262,2.2019530336636888,1.3444818967798962,1.0,2.216521829812828,3.0107975597793466,1.4222461049281052,-3.7318873305135387,-3.4654329926556313,-3.998341666666665,-3.465432994360416,-3.1989786565025087,-3.7318873305135423,-3.731887330513537,-3.4654329926556295,-3.998341666666663,-3.7318873305135405,-3.465432992655633,-3.9983416666666667,-1.949215307226543,-1.6827609693686356,-2.2156696433796688,-3.7318873305135405,-3.465432992655633,-3.9983416666666667
1.0,0.4657659589952532,0.7865319179905064,0.145,1.0,1.958983276317664,3.4179665526353276,0.5,1.0,2.273170963594927,3.946341927189853,0.6000000000000001,1.0,1.068869996533787,1.8377399930675735,0.30000000000000004,1.0,0.9079300932164838,1.2488601864329674,0.5670000000000001,1.0,5.8895971405586245,9.706194281117249,2.073,1.0,6.10199993925473,9.804994878509458,2.3990050000000003,1.0,5.085355272781347,8.778710545562694,1.3920000000000001,1.0,1.1818226638435991,1.813645327687198,0.55,1.0,2.2082505979284983,3.1165011958569955,1.3,1.0,2.332625509649497,4.015251019298993,0.65,3.9983426128970976,4.541578780494219,3.4551064452999762,2.7442520745129064,3.2874882421100278,2.201015906915785,3.9983426128970905,4.541578780494212,3.455106445299969,-0.8259047523020826,-0.28266858470496126,-1.3691409198992042,3.9983426128970976,4.541578780494219,3.4551064452999762,0.5432366407123368,1.0864728083094581,4.7311521533810463e-7
1.0,0.32804523114034373,0.5006136321682446,0.15547683079057747,1.0,1.4629044078227562,2.247820649899158,0.6779881688308059,1.0,1.6402261526673005,2.5403729099426307,0.7400793989292387,1.0,0.7447513351150109,1.1583945605862238,0.3311081112692742,1.0,0.7504164728755895,0.933832946471943,0.5670000000000001,1.0,4.21139147243298,6.264676889554213,2.1581060633804547,1.0,4.433043659625654,6.425212397490554,2.4408749295892953,1.0,3.5464349277005236,5.533417635741795,1.5594522274674125,1.0,0.8899133335274879,1.2298266683907186,0.55,1.0,1.7886283859178431,2.2772567737558287,1.3,1.0,2.216521829812828,3.1217550242531003,1.3112886389298115,-2.884823135521676,-2.6050990842328225,-3.1645471857113097,-0.9924793634498521,-0.7127553121609987,-1.2722034136394857,-3.718617616477033,-3.4388935651881796,-3.9983416666666667,-3.438893566287403,-3.1591695149985495,-3.7186176164770366,-3.718617616477033,-3.4388935651881796,-3.9983416666666667,-3.718617616477033,-3.4388935651881796,-3.9983416666666667
1.0,0.32804523114034373,0.5066980313286304,0.1493924310489333,1.0,1.4629044078227562,2.2754951470597984,0.6503136690263499,1.0,1.6402261526673005,2.5721101929073407,0.7083421129325845,1.0,0.7447513351150109,1.1729787514274508,0.3165239190347818,1.0,0.7568833528948493,0.9467667058926648,0.5670000000000001,1.0,4.21139147243298,6.337071418294991,2.085711527723639,1.0,4.461413419816048,6.523821840750459,2.3990050000000003,1.0,3.5464349277005236,5.603474470298389,1.48939538621811,1.0,0.9018979645173111,1.2537959292254426,0.55,1.0,1.8058563976454405,2.311712795565187,1.3,1.0,2.216521829812828,3.153671644302881,1.2793720158309538,0.40676140307915176,0.8135221183110581,6.880678156684361e-7,-0.8257536752240442,-0.4189929599921378,-1.2325143902353803,0.40676140307915176,0.8135221183110581,6.880678156684361e-7,3.9983430428022935,4.405103758034199,3.5915823277909573,-0.27972498982369765,0.12703572540820873,-0.6864857048350337,3.9983430428022935,4.405103758034199,3.5915823277909573
1.0,0.32804523114034373,0.41084617218959535,0.24524429018796828,1.0,1.4629044078227562,1.8395191478426303,1.0862896682435175,1.0,1.6402261526673005,2.072130244846836,1.208322060993088,1.0,0.7447513351150109,0.9432236401468379,0.5462790303153945,1.0,0.7447513351150109,0.8327573462227909,0.656745324110197,1.0,4.21139147243298,5.196589015944177,3.2261939300744524,1.0,4.433043659625654,5.388916491740751,3.4771708286289185,1.0,3.5464349277005236,4.499819423902742,2.593050432613755,1.0,0.8866087319251309,1.0497043150922623,0.7235131489488196,1.0,1.773217463850262,2.0076687892109373,1.5387661387638925,1.0,2.216521829812828,2.650866471834261,1.782177188299573,2.478061732442523,2.7313122318938348,2.224811233287512,3.9983426063007315,4.251593105752043,3.7450921071457204,3.9983426063007315,4.251593105752043,3.7450921071457204,3.9983426063007315,4.251593105752043,3.7450921071457204,3.9983426063007315,4.251593105752043,3.7450921071457204,3.9983426063007315,4.251593105752043,3.7450921071457204
1.0,0.3270813250112487,0.5003612621236223,0.15380138789887507,1.0,1.458605907521201,2.246758525586483,0.6704532894559191,1.0,1.635406622030741,2.5392648751263223,0.7315483689351595,1.0,0.7425630076881079,1.1579117718284357,0.32721424354778,1.0,0.7511727385827192,0.9353454771654384,0.5670000000000001,1.0,4.199017001881508,6.260768549866219,2.137265453896797,1.0,4.4200179011373955,6.42040077284665,2.419635029428143,1.0,3.5360143209099157,5.531189779695666,1.540838862124166,1.0,0.8913148695700948,1.2326297391401897,0.55,1.0,1.7906431062208035,2.2812862124416067,1.3,1.0,2.2100089505686977,3.1189746132874623,1.3010432878499332,-6.661338147750939e-16,0.541104355411107,-0.5411043554111084,-6.661338147750939e-16,0.541104355411107,-0.5411043554111084,-6.661338147750939e-16,0.541104355411107,-0.5411043554111084,-6.661338147750939e-16,0.541104355411107,-0.5411043554111084,-6.661338147750939e-16,0.541104355411107,-0.5411043554111084,-6.661338147750939e-16,0.541104355411107,-0.5411043554111084
1.0,0.3174445671014336,0.4279623232532894,0.20692681065894858,1.0,1.4156311763404328,1.9183140622263928,0.912948289132565,1.0,1.587222832570806,2.163702647118977,1.0107430165066633,1.0,0.7206849627167898,0.9855939544800238,0.4557759702569234,1.0,0.7206849627167898,0.8381501358447353,0.6032197892799456,1.0,4.075301866800232,5.390284770320771,2.7603189598216744,1.0,4.289791443026878,5.56563347130821,3.013949411390458,1.0,3.4318331544215015,4.704353900382142,2.159312405114506,1.0,0.8579582886053754,1.0756485426229978,0.6402680340152919,1.0,1.7159165772107516,2.02884821877601,1.4029849348225751,1.0,2.14489572151344,2.724633036385705,1.565158405116636,-1.2869978270571156,-0.9755874390491144,-1.5984082158840343,-5.551115123125783e-17,0.3114103880080012,-0.31141038882691874,-3.220791456865728,-2.909381068857727,-3.5322018456926467,-5.551115123125783e-17,0.3114103880080012,-0.31141038882691874,-0.8701814579598721,-0.5587710699518709,-1.1815918467867907,-3.3755208890128374,-3.064110501004836,-3.686931277839756
1.0,0.3174445671014336,0.4045742539254221,0.23031487940555764,1.0,1.4156311763404328,1.8119349373292226,1.0193274113859194,1.0,1.587222832570806,2.0417064146742745,1.1327392459194214,1.0,0.7206849627167898,0.9295331903036247,0.5118367330400573,1.0,0.7206849627167898,0.8132918351663225,0.6280780893405609,1.0,4.075301866800232,5.112004497689826,3.0385992255365832,1.0,4.289791443026878,5.295636297570355,3.283946578418137,1.0,3.4318331544215015,4.43505958547782,2.428606713326119,1.0,0.8579582886053754,1.029580336660062,0.6863362388333052,1.0,1.7159165772107516,1.9626247703216713,1.4692083816310777,1.0,2.1448957215134388,2.6019474428277456,1.687843995625518,0.3525213564625247,0.70504223955612,4.698413313963812e-7,-3.293299893424286,-2.9407790103306906,-3.6458207800454794,-0.7775511607676435,-0.4250302776740483,-1.1300720473888368,-3.293299893424286,-2.9407790103306906,-3.6458207800454794,0.3525213564625247,0.70504223955612,4.698413313963812e-7,-0.6228217286205378,-0.2703008455269425,-0.975342615241731
1.0,0.3174445671014336,0.47738119290549996,0.15750794129736725,1.0,1.4156311763404328,2.143092603512205,0.688169749168661,1.0,1.587222832570806,2.4214800559648597,0.7529656091767523,1.0,0.7206849627167898,1.1040500595393545,0.3373198658942253,1.0,0.7369906340277119,0.9069812680554241,0.5670000000000001,1.0,4.075301866800232,5.978289548617889,2.172314184982575,1.0,4.289791443026878,6.136136104439966,2.443446781613793,1.0,3.4318331544215015,5.273371396430053,1.5902949124129508,1.0,0.8650321351997875,1.180064270399575,0.55,1.0,1.7528614459970153,2.205722891994031,1.3,1.0,2.1448957215134388,2.9838670617022225,1.3059243813246555,0.9344764705945927,1.4521360966085841,0.4168168445806014,3.2932998934242868,3.810959519438278,2.7756402674102953,3.998342617633373,4.516002243647365,3.4806829916193815,3.2932998934242868,3.810959519438278,2.7756402674102953,0.5176601014973485,1.03531972751134,4.754833572429007e-7,3.998342617633373,4.516002243647365,3.4806829916193815
1.0,0.3083416466072445,0.47168329321448876,0.145,1.0,1.3629791091156738,2.1059280537999374,0.6200301644314081,1.0,1.5281886966476133,2.3802071000501677,0.6761702932450575,1.0,0.69388027393978,1.0854071418596811,0.3023534060198782,1.0,0.7406097027826009,0.9142194055652013,0.5670000000000001,1.0,4.0165019330856495,5.960003866171297,2.073,1.0,4.284657993387344,6.170310986774683,2.3990050000000003,1.0,3.3041917793439413,5.184936025557987,1.4234475331298924,1.0,0.8717391103446743,1.193478220689348,0.55,1.0,1.7625027813498462,2.225005562699691,1.3,1.0,2.0651198620899645,2.921952744950735,1.2082869792291933,-7.771561172376096e-16,0.40404553430720136,-0.40404553430720364,-7.771561172376096e-16,0.40404553430720136,-0.40404553430720364,-0.2658154091836674,0.13823012512353472,-0.6698609434908702,-7.771561172376096e-16,0.40404553430720136,-0.40404553430720364,-7.771561172376096e-16,0.40404553430720136,-0.40404553430720364,-1.1947187309178027,-0.7906731966106005,-1.5987642652250056
1.0,0.30563773989495235,0.38696840179368763,0.2243070779962171,1.0,1.3629791091156738,1.7329063792467816,0.9930518389845655,1.0,1.5281886966476133,1.952423557370268,1.1039538359249585,1.0,0.69388027393978,0.8888283473826248,0.4989322004969352,1.0,0.69388027393978,0.7803235805467148,0.6074369673328452,1.0,3.9237277340472025,4.891431328950946,2.956024139143459,1.0,4.130239724179926,5.069139320510567,3.1913401278492857,1.0,3.3041917793439413,4.240647224626825,2.367736334061058,1.0,0.8260479448359853,0.9862474735328021,0.6658484161391686,1.0,1.652095889671971,1.8823841114359892,1.421807667907953,1.0,2.0651198620899645,2.4917519363167546,1.638487787863175,-0.24175100072648126,0.024063938637075732,-0.5075659400900383,-0.6254678285137764,-0.35965288915021937,-0.8912827678773334,0.2658154091836682,0.5316303485472251,4.6982011120411116e-7,-0.24175100072648126,0.024063938637075732,-0.5075659400900383,1.1102230246251565e-16,0.2658149393635571,-0.2658149393635569,-1.4888017761719023,-1.2229868368083454,-1.7546167155354593
1.0,0.30563773989495235,0.34567089205277346,0.26560458783400764,1.0,1.3629791091156738,1.545067319720982,1.1808908989510014,1.0,1.5281886966476133,1.73700857261405,1.3193688211865007,1.0,0.69388027393978,0.7898389899370595,0.5979215581747114,1.0,0.69388027393978,0.7364300081437066,0.6513305398388197,1.0,3.9237277340472025,4.400057624325084,3.447397844921993,1.0,4.130239724179926,4.5923915070784975,3.668087942399718,1.0,3.3041917793439413,3.7651404849711945,2.8432430748321393,1.0,0.8260479448359853,0.9049024870001212,0.7471934028626698,1.0,1.652095889671971,1.7654499827876988,1.5387417968305497,1.0,2.0651198620899645,2.27511971139887,1.8551200132892387,0.24175100072648092,0.4835015322183619,4.6981961290826213e-7,0.2417510007276018,0.483501532220604,4.6981961254743965e-7,-2.2793080503789818,-2.0375575188859796,-2.521058581286971,0.24175100072648092,0.4835015322183619,4.6981961290826213e-7,-0.3837168277861739,-0.14196629629317167,-0.6254673586941631,-1.3148221184654918,-1.0730715869724896,-1.556572649373481
1.0,0.30563773989495235,0.3691799991974891,0.24209548059241556,1.0,1.3629791091156738,1.6519969773216128,1.0739612409097348,1.0,1.5281886966476133,1.8596361593373727,1.1967412339578534,1.0,0.69388027393978,0.8461898794936955,0.5415706683858645,1.0,0.69388027393978,0.7614169553727386,0.6263435925068215,1.0,3.9237277340472025,4.679778051600648,3.167677416493757,1.0,4.130239724179926,4.863785968809918,3.3966934795499366,1.0,3.3041917793439413,4.035828450437637,2.5725551082502456,1.0,0.8260479448359853,0.9512091049071001,0.7008867847648705,1.0,1.652095889671971,1.8320161504940078,1.4721756288499344,1.0,2.0651198620899645,2.39844022681356,1.7317994973663702,-3.3306690738754696e-16,0.3837163483428903,-0.383716348342891,0.38371682778617355,0.7674331761280757,4.79444271339613e-7,2.279308050378983,2.663024398721874,1.8955917020360924,-3.3306690738754696e-16,0.3837163483428903,-0.383716348342891,0.38371682778617355,0.7674331761280757,4.79444271339613e-7,3.9983426255551997,4.38205897389809,3.614626277212309
